English Word,True Transliteration,Predicted Transliteration
ank,अंक,अंक
anka,अंक,अनका
ankit,अंकित,अनकित
anakon,अंकों,अनाकों
ankhon,अंकों,अंखों
ankon,अंकों,अंकों
angkor,अंकोर,एंगकॉर
ankor,अंकोर,अंकोर
angaarak,अंगारक,अंगारक
angarak,अंगारक,अंगरक
angraji,अंग्रज़ी,अंग्रजी
angreji,अंग्रज़ी,अंग्रेजी
angrzi,अंग्रज़ी,अंग्जी
antah,अंतः,अंतः
antaha,अंतः,अंतः
antarmukh,अंतर्मुख,अंतरमुख
antmurkh,अंतर्मुख,अंतमूर्ख
antrmukh,अंतर्मुख,अंतरमुख
andrabee,अंद्राबी,अंद्रबी
andrabi,अंद्राबी,अंद्रबी
andha,अंधा,अंधा
andhapan,अंधापन,अंधापन
andheri,अंधेरी,आंधेरी
ambaani,अंबानी,अंबानी
ambani,अंबानी,अंबेनी
akram,अकरम,अक्रम
acapulco,अकापुल्को,अकापुल्को
akapulko,अकापुल्को,अकपूलको
akhand,अखंड,अखंड
akhil,अखिल,अखिल
agavai,अगवाई,अगवाई
agvaai,अगवाई,अगवाई
augustine,अगस्टाइन,अगस्टीन
augustustine,अगस्टाइन,अगस्टस्टिन
agsta,अगस्ता,अजस्सता
agusta,अगस्ता,अगुस्ता
augusta,अगस्ता,अगस्ता
agr,अग्र,एग्र
agra,अग्र,आगरा
achambha,अचंभा,अचंभा
achanbha,अचंभा,अचंभा
achievement,अचीवमेंट,अचिवेमेंट
achivement,अचीवमेंट,अछिवेमेंट
acchi,अच्छी,अच्छी
achchi,अच्छी,अच्छी
achhi,अच्छी,अछी
achyut,अच्युत,अछूत
achhanera,अछनेरा,अच्चनेरा
achnera,अछनेरा,अचनेरा
ajmeedh,अजमीढ़,अजमीध
ajhar,अजहर,अझार
azhar,अजहर,अझार
ajit,अजित,अजीत
agnat,अज्ञात,अज्ञात
agyaat,अज्ञात,अज्ञात
agyat,अज्ञात,अज्ञात
atakta,अटकता,अटकता
atkata,अटकता,अटकता
atake,अटके,अटके
atke,अटके,अटके
atwaal,अटवाल,अतवाल
atwal,अटवाल,अतवाल
attahasa,अट्टहास,अट्ताहसा
atthaas,अट्टहास,अट्थास
atthas,अट्टहास,अट्थस
addon,अड्डों,अड्डों
athak,अथक,अथक
atharv,अथर्व,अथर्व
atharva,अथर्व,अठर्व
adad,अदद,अदाद
adaani,अदाणी,अदानी
adani,अदाणी,अदानी
advait,अद्वैत,अद्वैत
adwait,अद्वैत,अद्वैत
advaitvaad,अद्वैतवाद,अदवैत्वाद
advaitwad,अद्वैतवाद,अदवैत्वाद
adhivas,अधिवास,अधिवास
adhiwas,अधिवास,अधिवास
advivas,अधिवास,अद्विवास
adhiik,अधीक,अधीक
adhik,अधीक,अधिक
adhyayanarat,अध्ययनरत,अध्ययनरत
adhyayanrat,अध्ययनरत,अध्ययनरत
adhyaynrat,अध्ययनरत,अध्ययनरत
anant,अनंत,अनंत
ananti,अनंती,अनंति
angadh,अनगढ़,अंगाध
angarh,अनगढ़,अंगारह
anchahe,अनचाहे,अंचाहे
anthak,अनथक,अंतक
unthak,अनथक,अन्थक
anhoni,अनहोनी,अन्होनी
anaavashyak,अनावश्यक,अनावश्यक
anavashyak,अनावश्यक,अनावश्यक
anavshyak,अनावश्यक,अनाश्यक
anawashyak,अनावश्यक,अनावाश्यक
anik,अनिक,अनिक
anishwarvadi,अनीश्वरवादी,अनिश्वरवादी
anishwarwadi,अनीश्वरवादी,अनिश्वरवादी
anukoltha,अनुकूलता,अनुकोलता
anukulata,अनुकूलता,अनुकूलता
anukulta,अनुकूलता,अनुकूलता
anuchit,अनुचित,अनुचित
anuprayogi,अनुप्रयोगों,अनुप्रयोगी
anuprayogon,अनुप्रयोगों,अनुप्रयोगों
anupryogon,अनुप्रयोगों,अनुप्रोगों
anureet,अनुरीत,अनुरीत
anurit,अनुरीत,अनुरीत
anuthi,अनूठी,अनूठी
anudit,अनूदित,अनुदित
anyaay,अन्याय,अन्याय
anyay,अन्याय,अन्याय
anyaya,अन्याय,अन्याय
apnani,अपनानी,अपनानी
aparivartanshali,अपरिवर्तनशील,अपरिवर्तनशाली
aparivartansheel,अपरिवर्तनशील,अपरिवर्तनशील
aparivartanshil,अपरिवर्तनशील,अपरिवर्तनशील
apariharya,अपरिहार्य,अपरिहार्य
aprihary,अपरिहार्य,अपरिहर्य
apriyary,अपरिहार्य,अप्रियर्य
apavartit,अपवर्तित,अपवर्तित
apvartit,अपवर्तित,अपवर्तित
apvtrit,अपवर्तित,अप्वत्रित
apaardarshi,अपारदर्शी,अपारदर्शी
apardarshi,अपारदर्शी,अपरदर्शी
afroj,अफरोज,अफ्रोज
afroz,अफरोज,अफ्रोज
africa,अफ्रीका,अफ्रिका
abbaasi,अब्बासी,अब्बासी
abbasi,अब्बासी,अब्बासी
abhimat,अभिमत,अभिमत
abhishap,अभिशाप,अभिषप
abhi,अभी,अभी
amjhera,अमझेरा,अमजेरा
amzera,अमझेरा,अमजेरा
amargad,अमरगढ़,अमरगढ़
amargarh,अमरगढ़,अमरगढ़
amarpaal,अमरपाल,अमरपाल
amarpal,अमरपाल,अमरपाल
amarohi,अमरोही,अमरोही
amrohi,अमरोही,अमरोही
amaanat,अमानत,अमानत
amanat,अमानत,अमानत
amanth,अमानत,अमांत
amaanati,अमानती,अमानती
amanathi,अमानती,अमानाथी
amanati,अमानती,अमानती
amavasya,अमावस्या,अमावस्य
amavsya,अमावस्या,अमाव्या
amit,अमित,अमिट
amitao,अमिताव,अमिताओ
amitav,अमिताव,अमित्व
amuk,अमुक,अमूक
amogh,अमोघ,अमोघ
ambani,अम्बानी,अंबेनी
ayodhyaanaath,अयोध्यानाथ,अयोध्यानाथ
ayodhyanaath,अयोध्यानाथ,अयोध्यानाथ
ayodhyanath,अयोध्यानाथ,अयोध्यानाथ
ayodhyeanath,अयोध्यानाथ,अयोध्यानाथ
aradas,अरदास,अरदास
ardaas,अरदास,अर्दास
ardas,अरदास,अर्दास
arabab,अरबाब,अरबब
arbab,अरबाब,अरबाब
around,अराउंड,अराउंड
arjent,अर्जेंट,अर्जेंट
urgent,अर्जेंट,युर्जेंट
arth,अर्थ,आर्थ
artha,अर्थ,अर्था
earth,अर्थ,इर्थ
earthquake,अर्थक्वेक,इर्थकुके
arthon,अर्थों,आर्थो
arpit,अर्पित,आर्पिट
aryama,अर्यमा,आर्यमा
aryma,अर्यमा,आर्मिमा
arymaa,अर्यमा,आर्मिआ
alankaar,अलंकार,अलंकार
alankar,अलंकार,अलंकर
alnkaar,अलंकार,अलंकार
alankaaron,अलंकारों,अलंकारों
alankaron,अलंकारों,अलंकरों
alnkaaron,अलंकारों,अलंकारों
alnkaron,अलंकारों,अलंकारों
alagavavadi,अलगाववादी,अलगववादी
algavvadi,अलगाववादी,एलगवावादी
algavwaadi,अलगाववादी,एलगववाड़ी
alive,अलाइव,अलीव
alance,अलायंस,अलांस
alayans,अलायंस,अलायंस
aliance,अलायंस,अलियंस
alind,अलिंद,अलिंड
alai,अली,अलाई
ali,अली,एली
alii,अली,एली
alonso,अलोंसो,आलोंसो
aloso,अलोंसो,आलोसो
alphabet,अल्फ़ाबेट,अल्फेबेत
alba,अल्बा,अल्बा
avantipur,अवंतिपुर,अवंतीपुर
awantipora,अवंतिपुर,अवंतिपोरा
avaru,अवरु,अवरु
avru,अवरु,आवरू
awaru,अवरु,अवरु
avarodhak,अवरोधक,अवरोधक
avrodhak,अवरोधक,अवरोधक
avrodhk,अवरोधक,अवरोधक
avarnata,अवर्णता,अवर्णता
avarnataa,अवर्णता,अवर्णता
avranta,अवर्णता,अवरंता
avashist,अवशिष्ट,अवशिष्ट
avshisht,अवशिष्ट,अवशिष्ट
awashist,अवशिष्ट,अवशिष्ट
avasthaayen,अवस्थाएं,अवस्थाएं
avsthaen,अवस्थाएं,अवस्थाएं
avsthayen,अवस्थाएं,अवस्थाएं
awasthaen,अवस्थाएं,अवस्थाएं
avi,अवि,अवी
avika,अविका,अविका
aviral,अविरल,अविरल
avirl,अविरल,एवर्ल
avishvaasniy,अविश्वसनीय,अविश्वासनीय
avishvasniy,अविश्वसनीय,अविश्वासनीय
avishvasniya,अविश्वसनीय,अविश्वास्नीय
avisvasniya,अविश्वसनीय,अविश्वास्नीय
aviva,अवीवा,अविवा
avaigyanic,अवैज्ञानिक,अवैग्ञानिक
avaigyanik,अवैज्ञानिक,अवैग्ञानिक
avegyanik,अवैज्ञानिक,अवेज्ञानिक
ashaktataa,अशक्तता,अशक्तता
ashktta,अशक्तता,अशक्तता
asharaphi,अशरफी,अशराफी
ashrafi,अशरफी,आश्रफी
ashariri,अशरीरी,आशरीरी
ashriri,अशरीरी,आश्रीरी
ashrvatath,अश्वत्थ,अश्वताथ
ashvtth,अश्वत्थ,अश्वत्थ
asamaany,असमान्य,असमान्य
asamany,असमान्य,असामान्य
asmanye,असमान्य,असमान्य
asaamnjsy,असामंजस्य,असामंज्य
asamanjasy,असामंजस्य,असमंजस्य
asamanjasya,असामंजस्य,असमंजस्य
asurakshit,असुरक्षित,असुरक्षित
asurkshit,असुरक्षित,असुरक्षित
aset,असेट,एसेट
asset,असेट,एसेट
asvabhavik,अस्वभाविक,अस्वाभाविक
aswabhavik,अस्वभाविक,अस्वाभाविक
aswbhavik,अस्वभाविक,अस्वभाविक
ahirauli,अहिरौली,अहिरौली
item,आइटम,आइटेम
items,आइटम्स,आइटेंस
idle,आइडल,आईडल
idol,आइडल,आईडल
icc,आइसीसी,आईसीसी
iso,आइसो,आईएसओ
ipc,आईपीसी,आईपीसी
ipad,आईपैड,आईपाद
iris,आईरिस,आइरिस
ounce,आउंस,ऊंक
aakaash,आकाश,आकाश
aakash,आकाश,आकाश
aake,आके,आके
aakhet,आखेट,आखेत
akhet,आखेट,अखेत
aagat,आगत,आगत
aagaman,आगमन,आगमान
aagman,आगमन,आगमान
aagaa,आग़ा,आगा
aagah,आग़ा,आगाह
agha,आग़ा,अघा
aagaashe,आगाशे,आगाशे
aagashe,आगाशे,आगाशे
agashe,आगाशे,अगाशे
aajmaanaa,आजमाना,आजमाना
aajmana,आजमाना,आजमाना
aazmaanaa,आजमाना,आजमाना
aata,आटा,आता
ata,आटा,अटा
atta,आटा,अटा
aatmayen,आत्माएं,आत्मयें
atmaen,आत्माएं,आत्माएं
aadaan,आदान,आदान
aadan,आदान,आदन
aadhaarit,आधारित,आधारित
aadharit,आधारित,आधारित
adharit,आधारित,आधारित
aadheen,आधीन,आधीन
aadhin,आधीन,आधीन
aadhunik,आधुनिक,आधुनिक
aanad,आनद,आनाद
aanand,आनद,आनंद
anand,आनद,आनंद
aapka,आपका,आपका
aapkaa,आपका,आपका
aapadaaaen,आपदाएं,आपदाएं
aapdaein,आपदाएं,आपदाएं
aapdayein,आपदाएं,आपदयें
aabantit,आबंटित,आबांतित
abantit,आबंटित,आबंतित
aabru,आबरू,आब्रू
abaru,आबरू,अबारू
aamdan,आमदन,आमदान
amadan,आमदन,अमदान
aamdani,आमदनी,आमदानी
amadani,आमदनी,अमदानी
aamdi,आमदी,आंदी
amdi,आमदी,अंडी
aamod,आमोद,अमोद
amod,आमोद,अमोद
aayenge,आयेंगे,आयेंगे
aayojak,आयोजक,आयोजक
ro,आरओ,रो
rp,आरपी,आरपी
aaraam,आराम,आराम
aaram,आराम,आरम
aram,आराम,अरम
aarushi,आरुषि,आरूशि
arushi,आरुषि,अरुशि
artery,आर्टरी,आर्टरी
order,आर्डर,ऑर्डर
aary,आर्य,आर्य
aarya,आर्य,आर्या
arya,आर्य,आर्या
aaryika,आर्यिका,आर्यका
aryika,आर्यिका,आर्यका
aarya,आर्यो,आर्या
arya,आर्यो,आर्या
aryo,आर्यो,आर्यो
aaryan,आर्यों,आर्याण
arya,आर्यों,आर्या
aryon,आर्यों,आर्यों
aalsi,आलसी,आलसी
alasi,आलसी,आलासी
aalochak,आलोचक,आलोचक
alochak,आलोचक,आलोचक
aalochakon,आलोचकों,आलोचकों
alochakon,आलोचकों,अलोचकों
aalha,आल्हा,आल्हा
aalhaa,आल्हा,आल्हा
alha,आल्हा,अल्छा
allah,आल्हा,अल्लाह
aawaazen,आवाज़ें,आवाजें
aawajen,आवाज़ें,आवाजें
awaazen,आवाज़ें,आवाजें
awazen,आवाज़ें,आवाजें
aawajon,आवाज़ों,आवाजों
aawazon,आवाज़ों,आवाजों
awaazon,आवाज़ों,आवाजों
awazon,आवाज़ों,आवाजों
aavishakaar,आविष्कार,आविष्कार
aavishkaar,आविष्कार,आविष्कार
avishkar,आविष्कार,अविष्कार
aavriti,आवृत्ति,आवृति
aavritti,आवृत्ति,आवृत्ति
avuti,आवृत्ति,अवुति
aavritiyon,आवृत्तियों,आवृतियों
aavrittiyon,आवृत्तियों,आवृत्तियों
avrutiyon,आवृत्तियों,अवृतियों
aashanka,आशंका,आशंका
ashanka,आशंका,अक्षणका
aashriton,आश्रितों,आश्रितों
ashriton,आश्रितों,आश्रीतों
aasaan,आसान,आसान
aasan,आसान,आसन
asan,आसान,असन
aastik,आस्तिक,आस्तिक
astik,आस्तिक,अस्तिक
aasteen,आस्तीन,आस्तिन
aastin,आस्तीन,आस्तिन
astin,आस्तीन,एस्टिन
aahnaan,आह्नान,आह्नान
aahnan,आह्नान,आह्नान
ahyan,आह्नान,आह्वान
england,इंग्लैंड,इंग्लैड
engineer,इंजिनियर,इंजीनियर
introduction,इंट्रोडक्शन,इंट्रोडक्शन
insurance,इंश्योरेंस,इनसुरांस
ear,इअर,इयर
eyer,इअर,आईयर
eon,इआन,इयोन
iaan,इआन,इआईन
ekattha,इकट्ठा,इक्ट्ठा
ikattha,इकट्ठा,इक्ट्ठा
ekatthi,इकठ्ठी,इक्ट्ठी
ekthi,इकठ्ठी,एक्ठी
ikatthi,इकठ्ठी,इक्ट्ठी
ekaee,इकाई,एकाई
ikai,इकाई,ईकाई
ekaeyon,इकाईयों,एकाइयों
ikaiyon,इकाईयों,ईकाइयों
ikarion,इकाईयों,इकरियों
economic,इकोनोमिक,इकनॉमिक
ecuador,इक्वाडोर,इक्यूडर
equador,इक्वाडोर,इक्वार
equities,इक्विटीज,इक्विज
ikvitija,इक्विटीज,इकवितीजा
ijaajat,इजाजत,इजाज़त
ijajat,इजाजत,इजाज़त
inhalation,इनहेलेशन,इन्हलतियन
inhaletion,इनहेलेशन,इन्हेलेशन
ibija,इबीजा,इबिजा
ibiza,इबीजा,इबिजा
imaging,इमेजिंग,इमैजिंग
immune,इम्युन,इम्यून
elaichi,इलाइची,इलाइची
ilaichi,इलाइची,इलाइची
ilayachi,इलाइची,इलयाची
ilayichi,इलाइची,इलाइिची
elaaj,इलाज,इलाज
ilaaj,इलाज,इलाज
ilaj,इलाज,इलाज
ishaak,इशाक,इशाक
ishaaq,इशाक,इशाक
ishak,इशाक,इशाक
ishaara,इशारा,इशारा
ishaaraa,इशारा,इशारा
ishara,इशारा,ईशारा
ishita,इशिता,इशिता
isht,इष्ट,इष्ट
isteefe,इस्तीफे,इस्तीफ
istife,इस्तीफे,इस्टीफ
ea,ईए,इए
ia,ईए,इए
eater,ईटर,ईटर
iter,ईटर,आइटर
email,ईमेल,इमेल
emailon,ईमेलों,इमेलों
emelon,ईमेलों,एमिलों
evening,ईवनिंग,एवेनिंग
east,ईष्ट,ईस्ट
ishat,ईष्ट,इष्ट
isht,ईष्ट,इष्ट
isaaiyon,ईसाइयों,ईसाइयों
isaiyon,ईसाइयों,ईसाईयों
isayiyon,ईसाइयों,ईसाइयों
ikhrul,उखरुल,इखरूल
ukhrool,उखरुल,उखरूल
ukhrul,उखरुल,उखरूल
uchhalane,उछालने,उछालने
uchhalne,उछालने,उछालने
ujback,उज़्बेक,उज्बैक
uzbek,उज़्बेक,उज़्बेक
uthane,उठने,उठाने
uthne,उठने,उठने
uthaakar,उठाकर,उठाकर
uthakar,उठाकर,उठाकर
uthaapatak,उठापटक,उठापतक
uthapatak,उठापटक,उठापतक
uthen,उठें,उठाएं
udaan,उड़ान,उड़ान
udan,उड़ान,उड़न
udaanaa,उड़ाना,उड़ना
udana,उड़ाना,उड़ना
udaane,उड़ाने,उड़ाने
udane,उड़ाने,उड़ने
udaanen,उड़ानें,उड़नें
udanen,उड़ानें,उड़नें
udaanon,उड़ानों,उड़ानों
udanon,उड़ानों,उड़नों
utane,उतने,उतने
utaney,उतने,उतने
utne,उतने,उतने
uttara,उत्तरा,उतारा
uttra,उत्तरा,उत्तरा
utpan,उत्पन,उत्पन
udant,उदंत,उड़त
udghosh,उदघोष,उद्घोष
udar,उदर,उदार
uda,उदा,उड़ा
udaa,उदा,उड़ा
udakishuganj,उदाकिशुनगंज,उदकिशुंज
udakishunganj,उदाकिशुनगंज,उदकिशुंगंज
unatees,उनतीस,यूनटीस
untees,उनतीस,ऊंटीस
uniyal,उनियाल,यूनियाल
upadraviyon,उपद्रवियों,उपाद्रवियों
updravion,उपद्रवियों,उप्रवियों
updraviyon,उपद्रवियों,उप्रवियों
upadravi,उपद्रवी,उपाद्रवी
updravi,उपद्रवी,उप्रगी
upadrawon,उपद्रवों,उपाद्रवों
updravon,उपद्रवों,उप्रवों
upneta,उपनेता,उपनेता
upabhokta,उपभोक्ता,उपभोक्ता
upbhokta,उपभोक्ता,उपभोकता
uplaksh,उपलक्ष्य,उपलक्ष
uplakshay,उपलक्ष्य,उपलक्षय
uplakshya,उपलक्ष्य,उपलक्ष्य
uplabdh,उपलब्ध,उपलाब्ध
uplabdhiyon,उपलब्धियों,उपलाब्धियों
uplabdhi,उपलब्धी,उपलाब्धी
upakhyaanon,उपाख्यानों,उपख्यानों
upakhyanon,उपाख्यानों,उपख्यानों
ubuntu,उबंटू,उबूनतु
ubaal,उबाल,उबाल
ubal,उबाल,उबल
ubhaara,उभारा,उभारा
ubhara,उभारा,उभरा
umanath,उमानाथ,उमानाथ
umesh,उमेश,उम्मेश
urf,उर्फ,यूरफ
urfa,उर्फ,उरफा
urff,उर्फ,यूरफ
urvarakon,उर्वरकों,उर्वारकों
urvarkon,उर्वरकों,उर्वारकों
urwarakon,उर्वरकों,उर्वारकों
urvarata,उर्वरता,उर्वारता
urvarta,उर्वरता,उर्वार्ता
urwarta,उर्वरता,उर्वार्ता
ulate,उलटे,उलाते
ulte,उलटे,अल्टे
ulahana,उलाहना,उलहाना
ulahna,उलाहना,उलाहना
ulema,उलेमा,उलमा
ulemaon,उलेमाओं,उलमाम
usak,उसक,उसक
usaki,उसकी,उसकी
uski,उसकी,उसकी
usmein,उसमें,उसमेन
usmen,उसमें,उस्में
usi,उसी,यूसी
ustara,उस्तरा,उस्तरा
udharv,ऊर्ध्व,उधार्व
udhrva,ऊर्ध्व,उद्रवा
urdhav,ऊर्ध्व,उर्धव
ushma,ऊष्मा,उष्मा
rishicool,ऋषिकुल,रिशिकूल
rishikul,ऋषिकुल,रिशिकुल
rushikul,ऋषिकुल,ऋषिकूल
enzyme,एंजाइम,इंजम
anton,एंटोन,एंटन
entone,एंटोन,इंटोन
antoni,एंटोनी,अंटोनी
antony,एंटोनी,अंटोनी
endometrial,एंडोमेट्रियल,एंडोमेट्रियल
andreas,एंड्रियास,एंड्रेस
als,एएलएस,एल्स
asi,एएसआई,एसी
eksaath,एकसाथ,एक्साठ
eksath,एकसाथ,एक्साथ
ekaki,एकाकी,एकाकी
xm,एक्सएम,एस्स्म
egmor,एगमोर,इग्मोर
egmore,एगमोर,इगोर
aj,एजे,अज
agende,एजेंडे,एजेंडे
adp,एडीपी,एडीपी
adain,एडेन,अदाएन
aden,एडेन,अड़े
edan,एडेन,ईडन
addi,एड्डी,अडी
eddi,एड्डी,एडीडी
eddie,एड्डी,एडीडी
eddy,एड्डी,एडीडी
apj,एपीजे,अपज
ftii,एफटीआईआई,फ्टीआई
abbott,एबट,अब्बोट
abut,एबट,अबूत
ebt,एबट,ईबीटी
abvp,एबीवीपी,एबावप
abbot,एबोट,अब्बोट
abbott,एबोट,अब्बोट
mta,एमटीए,माईए
mtake,एमटेक,मटाक
mtec,एमटेक,मटेक
mtech,एमटेक,मटेक
emerald,एमरल्ड,एमरेल्ड
emrald,एमरल्ड,एमराल्ड
emil,एमिल,एमिल
emile,एमिल,एमिल
emily,एमिल,एमिली
amy,एमी,आम्य
emi,एमी,एमी
airway,एयरवे,एयरवे
eyarave,एयरवे,एयरवे
eyarve,एयरवे,एयर्व
error,एरर,एरर
arica,एरिका,अरिका
erica,एरिका,एरिका
erika,एरिका,एरिका
aerobic,एरोबिक,एयरोबिक
aerobics,एरोबिक,एयरोबिक्स
lte,एलटीई,एलटे
lti,एलटीई,एलीटी
allergic,एलर्जिक,एलर्जिक
eliminator,एलिमिनेटर,एलिमिनेटर
aliens,एलियंस,एलींस
alliance,एलियंस,एलायंस
asian,एशियन,एशियाई
sfc,एसएफसी,एसीसी
sk,एसके,एसके
spf,एसपीएफ,एसपीएफ
association,एसोसिएशन,असोशिएशन
astar,एस्टर,अस्तर
aster,एस्टर,एस्टर
ester,एस्टर,एस्टर
aesthetics,एस्थेटिक,एस्थेटिक्स
asthetic,एस्थेटिक,एस्थेतिक
asfalt,एस्फाल्ट,असफल्ट
asphalt,एस्फाल्ट,अस्छलत
asphault,एस्फाल्ट,असफौलत
ahsaas,एहसास,अहसास
ehsaas,एहसास,एहसास
ehsas,एहसास,एहसास
aisa,एेसा,ऐसा
eesa,एेसा,ईसा
ainth,ऐंठ,ऐंठ
end,ऐंठ,ऐंड
enth,ऐंठ,ऐंठ
ainthey,ऐंठे,ऐंठे
enthe,ऐंठे,इंठे
aithan,ऐठन,ऐंठन
ethan,ऐठन,एंठन
ethhan,ऐठन,इथन
ail,ऐल,ऐल
el,ऐल,इल
alaps,ऐल्प्स,अलाप्स
alps,ऐल्प्स,अल्प्स
aise,ऐसे,एसे
oxide,ऑक्साइड,ऑक्सीड
oxy,ऑक्सी,ऑक्सी
offers,ऑफर्स,ऑफर्स
offshor,ऑफशोर,ऑफ़्फ्चर
offshore,ऑफशोर,ऑफ़ाफोर
official,ऑफिशियल,ऑफिसियल
okalahoma,ओकलाहोमा,ओकलाहोम
oklahoma,ओकलाहोमा,ऑकलाहोम
oklahoma,ओक्लाहोमा,ऑकलाहोम
ot,ओत,ओटी
opel,ओपेल,ऑपल
obrayan,ओब्रायन,ओब्रायन
obrien,ओब्रायन,ऑब्रिएन
oran,ओरण,ओरन
orian,ओरियन,ओरियन
orion,ओरियन,ओरियन
olavrishti,ओलावृष्टि,ओलावृष्टि
ovum,ओवम,ओव्यूम
owem,ओवम,ओवम
oceanic,ओशनिक,ऑसिनिक
osaka,ओसाका,ओसका
auchity,औचित्य,औचित्य
auchitya,औचित्य,औचित्य
audhyogikaran,औद्योगिकरण,औद्योगिकरण
audyogikarana,औद्योगिकरण,औद्योगिकरण
audyogikikaran,औद्योगिकरण,औद्योगिकिकरण
aurangabad,औरंगाबाद,औरंगाबाड
aurora,औरोरा,औरोरा
aulakh,औलख,औलाख
kankad,कंकड़,कंकड
kankar,कंकड़,कंकर
kankad,कंकर,कंकड
kankar,कंकर,कंकर
kangan,कंगन,कंगन
conjunction,कंजंक्शन,कंजनक्शन
contemporary,कंटेम्पररी,कंटेमपोर्री
kanthahar,कंठहार,कंठहर
kanthhar,कंठहार,कंठार
composer,कंपोजर,कंपोसर
kambalon,कंबलों,कांबलों
kanblon,कंबलों,कांबलों
consultant,कंसलटेंट,कंसलटेंट
kakkad,कक्कड़,कक्कड़
kakkar,कक्कड़,कक्कर
kacche,कच्चे,कच्चे
kachche,कच्चे,कच्चे
karta,कटरा,करता
katra,कटरा,कतरा
cutlery,कटलरी,क्टलरी
katlari,कटलरी,कत्लारी
katlary,कटलरी,कत्लार्य
katasaraj,कटासराज,कटासराज
kathfodave,कठफोड़वे,कठफोदावे
kathfodve,कठफोड़वे,कठफोडवे
kathor,कठोर,कठोर
kathore,कठोर,कठोर
kanika,कणिका,कनिका
kathai,कत्थई,कथाई
katthai,कत्थई,कठ्थाई
katthaii,कत्थई,कट्थाई
convention,कनवेंशन,कन्वेशन
canals,कनाल,कैनल्स
kanaal,कनाल,कनाल
kanal,कनाल,कन्लाल
kanindham,कनिंघम,कनिंधम
kaningham,कनिंघम,कनिंघम
kanishthika,कनिष्ठिका,कनिष्ठिका
kanishthikaa,कनिष्ठिका,कनिष्ठिका
kanishtika,कनिष्ठिका,कनिष्टिका
kanyaayen,कन्याएं,कन्याएं
kanyaein,कन्याएं,कन्याएं
kanyayen,कन्याएं,कन्याएं
convention,कन्वेंशन,कन्वेशन
convocation,कन्वोकेशन,कन्वेकेशन
cup,कप,कीएप
kap,कप,कप
kapda,कपड़ा,कपड़ा
kpada,कपड़ा,कपाड़ा
kapdo,कपड़ो,कपड़ो
kapdon,कपड़ो,कपड़ों
kaping,कपिंग,कपिंग
kping,कपिंग,क्पिंग
kapolkalpana,कपोलकल्पना,कपोलकल्पना
kabaddi,कबड्डी,कबद्दी
kabr,कब्र,कब्र
kabra,कब्र,काबरा
kabren,कब्रें,कब्रेन
kabron,कब्रों,कब्रों
kamjor,कमज़ोर,कमजोर
kamzor,कमज़ोर,कमजोर
kamatar,कमतर,कमाटर
kamtar,कमतर,कमतर
kalamjeet,कमलजीत,कलमजीत
kamaljeet,कमलजीत,कमलजीत
kamaauu,कमाऊ,कमाऊ
kamau,कमाऊ,कमाऊ
kamaate,कमाते,कमाते
kamate,कमाते,कमाते
kamere,कमेरे,कमेरे
kmere,कमेरे,केमरे
karanj,करंज,करांज
kranj,करंज,क्रांज
karanjiya,करंजिया,करांजिया
kardhe,करघे,कर्ढे
karghe,करघे,करघे
karachana,करछना,कराचना
karchhana,करछना,कर्चना
karna,करना,करना
karpatri,करपात्री,कर्पत्री
karam,करम,करम
karoor,करूर,करूर
karur,करूर,करूर
karnataka,कर्नाटका,करनातका
karvi,कर्वी,करवी
kurvi,कर्वी,क्र्वी
kalmein,कलमें,कालमें
kalmen,कलमें,कालमें
kalraj,कलराज,कालराज
kalika,कलिका,कालीका
kalpanaon,कल्पनाओं,कल्पनाओं
kalpnaon,कल्पनाओं,कल्पनाओं
kavvaliyon,कव्वालियों,क़व्वालियों
qawwaliyon,कव्वालियों,क़व्वालियों
kavvali,कव्वाली,क़व्वाली
qawwali,कव्वाली,क़व्वाली
kashton,कष्टों,काथ्तों
kasarat,कसरत,कसरत
kasrat,कसरत,कसरत
kasara,कसारा,कसरा
kasida,कसीदा,कसीदा
kahane,कहने,कहाने
kahne,कहने,कहने
kahlaya,कहलाया,कहलाया
kahaniyon,कहानियों,कहानियों
kile,क़िले,किले
kanji,कांजी,कांजी
cant,कांट,केंट
kant,कांट,कांत
kanti,कांति,कांती
kakoo,काकू,काकू
kaku,काकू,काकू
kaagaj,कागज़,काग़ज़
kaagaz,कागज़,काग़ज़
kagaj,कागज़,कागज
kagaz,कागज़,कागज
kaaji,काजी,काजी
kaji,काजी,काजी
kazi,काजी,काजी
qazi,काजी,काजी
kajoo,काजू,काजू
kaju,काजू,काजू
kapadi,कापड़ी,कपाड़ी
kapdi,कापड़ी,कपड़ी
kamraj,कामराज,कमराज
kamottejana,कामोत्तेजना,कमोत्तेजना
kamottejna,कामोत्तेजना,कामोट्जेजना
kailana,कायलाना,कैलाना
kaylana,कायलाना,कायलाना
carfi,कार्की,कारफी
karki,कार्की,कार्की
kartik,कार्तिक,कार्टिक
karyakartaon,कार्यकर्ताओं,कार्यकार्ताओं
karykartaaon,कार्यकर्ताओं,कार्यकर्ताओं
karykartaon,कार्यकर्ताओं,कार्यकर्ताओं
karyabhar,कार्यभार,कार्यभर
karybhar,कार्यभार,कार्यभार
karyarat,कार्यरत,कार्यरत
karyrat,कार्यरत,कार्यूरात
kaalpi,कालपी,काल्पी
kalapi,कालपी,कलापी
kalpi,कालपी,कल्पी
kalika,कालिका,कालीका
kalighat,कालीघाट,कालीघाट
coldvel,काल्डवेल,कोलदवेल
kaldvel,काल्डवेल,कालद्वेल
kaldwell,काल्डवेल,कालद्वेल
kaav,काव,काव
kav,काव,कव
kaasht,काश्त,काष्ट
kasht,काश्त,काष्ठ
kasim,कासिम,कसीम
qasim,कासिम,कासिम
kasimabad,कासिमाबाद,कसीमाबाद
kiya,किया,किया
kiliyan,किलियन,किलिया
killat,किल्लत,किल्लट
killi,किल्ली,किली
kisaani,किसानी,किसानी
kisani,किसानी,किसनी
kisanon,किसानों,किसनों
keede,कीड़े,कीड
kide,कीड़े,कीड
keynote,कीनोट,केनोट
kinote,कीनोट,किनोट
kiratpur,कीरतपुर,किरातपुर
kundal,कुंडल,कुंडल
kundaliya,कुंडलियाँ,कुंडलिया
kundaliyan,कुंडलियाँ,कुंडलियां
kutta,कुत्ता,कुत्टा
kuposhit,कुपोषित,कुपोषित
kumau,कुमाऊ,कुमाऊ
kumavat,कुमावत,कुमावत
kumawat,कुमावत,कुमावत
kural,कुराल,कुराल
kurmi,कुर्मी,कूर्मी
kursiyon,कुर्सियों,कुर्सियों
kush,कुश,कुश
kushaan,कुषाण,कुशान
kushan,कुषाण,कुशान
kusumalataa,कुसुमलता,कुसुमालता
kusumalta,कुसुमलता,कुसुमालता
kusumlata,कुसुमलता,कुसुल्लता
koot,कूट,कूट
kut,कूट,कूट
kritika,कृतिका,कृतिका
kpo,केपीओ,केपीओ
canterbari,कैंटरबरी,कैंटरबारी
canterbury,कैंटरबरी,कैंटरबरी
candidate,कैंडिडेट,कैंडीडेट
katrina,कैटरीना,कातरिना
caitlyn,कैटलिन,कैटलिन
cateline,कैटलिन,कैटेलाइन
catlin,कैटलिन,कैटलिन
cadmium,कैडमियम,कैडमियम
catholic,कैथोलिक,कैथलिक
catholicon,कैथोलिकों,कैथलिकन
kaetholikon,कैथोलिकों,कैथोलिकों
capacitor,कैपेसिटर,कैपाइटर
carat,कैरेट,कारत
cavity,कैविटी,केविटी
cavalry,कैवेलरी,कैवल्र्य
kaivelari,कैवेलरी,क्रवेलरी
complex,कॉम्प्लेक्स,कंप्लेक्स
kocchi,कोच्चि,कोची
kochi,कोच्चि,कोची
corridor,कोरिडोर,कॉरिडोर
corolla,कोरोला,कोरोल्ला
korola,कोरोला,कोरोला
caolan,कोलन,कॉलन
colan,कोलन,कोलन
colon,कोलन,कॉलोन
calling,कोलिंग,कॉलिंग
koling,कोलिंग,कोलिंग
colorado,कोलोराडो,कलराडो
kolorado,कोलोराडो,कोलराडो
kaushal,कौशल,कौशल
kaushalata,कौशलता,कौशलता
kaushalta,कौशलता,कौशलता
kaushambi,कौशाम्बी,कौशंबी
cute,क्यूट,कूटे
quete,क्यूट,क्वेट
cube,क्यूब,क्यूब
cubeck,क्यूबेक,क्येक
quebec,क्यूबेक,क्वेबेक
cubes,क्यूब्स,क्यूज
krantiyon,क्रांतियों,क्रांतियों
cric,क्रिक,क्रिक
crick,क्रिक,क्रिक
cricket,क्रिकेट,क्रिकेट
cricketer,क्रिकेटर,क्रिकेटर
cricketing,क्रिकेटिंग,क्रिकेटिंग
kriyayog,क्रियायोग,क्रियायोग
christian,क्रिश्चयन,क्रिश्चियन
kruger,क्रूगर,क्रूजर
craig,क्रेग,क्रैग
creg,क्रेग,क्रेग
cradle,क्रैडल,क्रैडल
chrom,क्रोम,क्रोम
chrome,क्रोम,क्रोम
client,क्लांइट,क्लाइंट
clock,क्लाक,क्लॉक
clasen,क्लासें,क्लासेन
classen,क्लासें,क्लासन
classon,क्लासों,क्लासन
clay,क्ले,क्ले
claris,क्लेरिस,क्लारिस
cleris,क्लेरिस,क्लेरिस
clerys,क्लेरिस,क्लेर्जिस
quantico,क्वांटिको,क्वांटिको
queens,क्वींस,क्वींस
kshitij,क्षितिज,क्षितिज
shitij,क्षितिज,शीतिज
kshin,क्षीण,क्षीन
shin,क्षीण,शिन
kshetron,क्षेत्रों,क्षेत्रों
shetron,क्षेत्रों,क्षेत्रों
khand,खंडा,खंड
khanda,खंडा,खंडा
khachakhach,खचाखच,खचाखाछ
khajarana,खजराना,खजाराना
khajraana,खजराना,खजराना
khajrana,खजराना,खजराना
khatakati,खटकती,खटकती
khatakti,खटकती,खटकती
kihatkati,खटकती,किहातकती
khattapan,खट्टापन,खट्तापन
khat,खत,खट
khani,खनि,खानी
khanik,खनिक,खानिक
khanikarm,खनिकर्म,खनीकर्म
khanikarma,खनिकर्म,खनीकर्म
khanikarmi,खनिकर्म,खनीकर्मी
khapat,खपत,खपाट
khariya,खरिया,खरिया
khalnayak,खलनायक,खलनायक
khaaskar,ख़ासकर,खासकर
khaskar,ख़ासकर,खसकर
khaastaur,ख़ासतौर,खासतौर
khastaur,ख़ासतौर,खासतौर
khaibar,ख़ैबर,खैबर
khyber,ख़ैबर,खैबर
khaein,खाएं,खाएं
khaen,खाएं,खाएं
khayen,खाएं,खायें
khaate,खाते,खाते
khaatey,खाते,खाते
khate,खाते,खटे
khal,खाल,खाल
khinchakar,खिंचकर,खिंचकर
khinchkar,खिंचकर,खींचकर
khilana,खिलाना,खिलना
khinchkar,खींचकर,खींचकर
khuda,खुदा,खुड़ा
khudai,खुदाई,खुदाई
khurapka,खुरपका,खुरप्का
khurpaka,खुरपका,खुरपका
khurasan,खुरासान,खुरसन
khushiyan,खुशियां,खुश्यियां
khene,खेने,खेने
khaini,खैनी,खैनी
khairati,खैराती,खैरती
khoikhoi,खोईखोई,खोईखोई
khoya,खोया,खोया
gangrel,गंगरेल,गंग्रेल
gangaajal,गंगाजल,गंगाजल
gangajal,गंगाजल,गंगाजल
gandaki,गंडकी,गंदाकी
gandki,गंडकी,गंदी
gandh,गंध,गांध
gandha,गंध,गांधा
gae,गए,गाई
gaye,गए,गाये
gajara,गजरा,गाजरा
gajra,गजरा,गजरा
gadkar,गडकर,गड़कर
ganapati,गणपति,गणपती
ganpati,गणपति,गणपती
gatisheel,गतिशील,गतिशील
gatishil,गतिशील,गतिशील
gatishilata,गतिशीलता,गतिशीलता
gadadhar,गदाधर,गदाधार
gammat,गम्मत,गम्मत
gaya,गया,गाया
garibi,गरीबी,गरीबी
garjana,गर्जना,गरजना
galgand,गलगंड,गलगांड
gahmagahmi,गहमागहमी,गहमागहमी
gemhagehmi,गहमागहमी,गेमागेहमी
ganguly,गांगुली,गंगुली
gaanth,गांठ,गांठ
ganth,गांठ,गांठ
gaanthe,गांठे,गांठे
ganthe,गांठे,गंठे
ganthen,गांठें,गंठें
ganthon,गांठों,गंतों
gaen,गाएं,गाएं
gayen,गाएं,गायें
gazi,गाज़ी,गाज़ी
gajipur,गाजीपुर,गाज़ीपुर
gazipur,गाजीपुर,गाज़ीपुर
gayatri,गायत्री,गायत्री
gayitri,गायत्री,गायित्री
gaytri,गायत्री,गायत्री
gidgidate,गिड़गिड़ाते,गिद्गिदेट
ginate,गिनते,गिनते
ginte,गिनते,गिनते
girkar,गिरकर,गिरकार
girijaghar,गिरजाघर,गिरजाघर
girjaghar,गिरजाघर,गिरजाघर
girijagharon,गिरजाघरों,गिरजाघरों
girjagharon,गिरजाघरों,गिरजाघरों
girati,गिरती,गिराती
girti,गिरती,गिरती
girish,गिरीश,गिरिश
guan,गुआन,ग्वान
gujar,गुजार,गुजार
gujarata,गुजारता,गुजराता
gujarta,गुजारता,गुजरता
gujarate,गुजारते,गुजराते
gujarte,गुजारते,गुजरते
gujarana,गुजारना,गुजरना
gujarna,गुजारना,गुजरना
gujara,गुजारा,गुजरा
gujare,गुजारे,गुजरे
gutta,गुट्टा,गुट्ता
gthalidar,गुठलीदार,ग्थलीदार
guthalidar,गुठलीदार,गुथलीदार
gudna,गुदना,गुदना
gumaan,गुमान,गुमान
guman,गुमान,गुमान
gulshan,गुलशन,गुलशन
gunga,गूंगा,गुंगा
grihnagar,गृहनगर,गृहनगर
gruhnagar,गृहनगर,गृहनगर
galaxion,गैलेक्सियों,गैलक्शियों
galaxiyon,गैलेक्सियों,गैलक्सियों
galaxyon,गैलेक्सियों,गैलक्सियों
gochar,गोचर,गोचार
gouchar,गोचर,गुचार
godara,गोदारा,गोडारा
gopichand,गोपीचंद,गोपीचंद
gomake,गोमके,गोमके
gomke,गोमके,गोमके
goel,गोयल,गोएल
goyal,गोयल,गोयाल
gosvaami,गोस्वामी,गोस्वामी
gosvami,गोस्वामी,गोस्वामी
goswami,गोस्वामी,गोस्वामी
gaumukh,गौमुख,गौमुख
gomukh,गौमुख,गोमुख
gaumutr,गौमूत्र,गौमूत्र
gaumutra,गौमूत्र,गौमूत्र
gowmutra,गौमूत्र,गौम्मुत्र
granthiyaan,ग्रंथियां,ग्रंथियां
granthiyan,ग्रंथियां,ग्रंथियां
grandhiyon,ग्रंथियों,ग्रांधियों
granthiyon,ग्रंथियों,ग्रंथियों
greest,ग्रीस्ट,ग्रीस्ट
greist,ग्रीस्ट,ग्रेस्ट
grist,ग्रीस्ट,ग्रिस्ट
greg,ग्रेग,ग्रेग
granite,ग्रेनाइट,ग्रेनिट
grenite,ग्रेनाइट,ग्रेनिट
grandson,ग्रैंडसन,ग्रैंडसन
gross,ग्रॉस,ग्रॉस
ghataatop,घटाटोप,घटाटोप
ghatatop,घटाटोप,घटाटोप
ghataayaa,घटाया,घटाया
ghataya,घटाया,घटाया
ghanakar,घनाकार,घनाकर
ghabrahat,घबराहट,घबराहट
ghasi,घासी,घसी
ghisai,घिसाई,घीसाई
ghisi,घिसी,घीसी
ghise,घिसे,घीसे
ghumakkadi,घुमक्कड़ी,घूमक्कड़ी
ghumakkdi,घुमक्कड़ी,घूमक्की
ghumakkadon,घुमक्कड़ों,घूमक्कड़ों
ghumakkaron,घुमक्कड़ों,घूमक्कारों
ghumakkdon,घुमक्कड़ों,घूमक्कड़ों
ghummakkadon,घुमक्कड़ों,घूम्मक्कड़ों
ghumaan,घुमाण,घूमान
ghuman,घुमाण,घूमन
ghoonsa,घूंसा,घूंसा
ghunsa,घूंसा,घुंसा
ghongha,घोंघा,घोंघा
ghontane,घोंटने,घोंटाने
ghontne,घोंटने,घोंटने
ghot,घोट,घोट
ghodi,घोड़ी,घोड़ी
ghost,घोस्ट,घोस्ट
changul,चंगुल,चाग्लूल
chand,चंद,चांद
chandan,चंदन,चंदन
chandana,चंदन,चंदना
chandu,चंदू,चंदु
chandon,चंदों,चांडों
chandrabali,चंद्रबली,चंद्रबली
chandramaon,चंद्रमाओं,चंद्रमाओं
chakatte,चकत्ते,चकत्ते
chaktte,चकत्ते,चक्टे
chakkar,चक्कर,चक्कर
chkkar,चक्कर,चकर
chakshu,चक्षु,चक्षु
chatagaon,चटगांव,चटागां
chatgaon,चटगांव,चतगांव
chadhane,चढ़ने,चढ़ाने
chadhne,चढ़ने,चढ़ने
chaturdik,चतुर्दिक,चतुर्दिक
chatunshkoniy,चतुष्कोणीय,चतुंशकोनिय
chatushkoniy,चतुष्कोणीय,चतुश्कोनिय
chatushkoniya,चतुष्कोणीय,चतुश्कोनिया
channa,चन्ना,चनना
chabate,चबाते,चबते
chabutare,चबूतरे,चाबूतरे
chabutre,चबूतरे,चाबुत्रे
chamakna,चमकना,चमकना
chamkana,चमकना,चमकाना
charas,चरस,चर्स
charit,चरित,चरित
charcha,चर्चा,चर्चा
churcha,चर्चा,चर्चा
charchaon,चर्चाओं,चर्चाओं
chalenge,चलेंगे,चलेंगे
chlenge,चलेंगे,च्लेंगे
chahunaur,चहुंओर,चाहुनौर
chahunor,चहुंओर,चाहूनर
chanval,चांवल,चनवाल
chanwal,चांवल,चनवाल
chachaji,चाचाजी,चाचाजी
chadar,चादर,चादर
chadaron,चादरों,चडरार
chadron,चादरों,चाद्रों
chan,चान,चैन
chanan,चानन,चनन
chaplusi,चापलूसी,चैपलुसी
chayal,चायल,चयाल
char,चार,चार
charon,चारों,चारों
charge,चार्ज,चार्ज
chart,चार्ट,चार्ट
charton,चार्टों,चार्टन
charts,चार्ट्स,चार्ट्स
chaalit,चालित,चालित
chalit,चालित,चलित
chikitsak,चिकित्सक,चिकित्सा
chikitsakon,चिकित्सकों,चिकित्सकों
chikhali,चिखली,चीखली
chiththi,चिट्ठी,चित्ती
chitthi,चिट्ठी,चिट्ठी
chithhi,चिठ्ठी,चितही
chiththi,चिठ्ठी,चित्ती
chitthi,चिठ्ठी,चिट्ठी
chidchidapan,चिडचिडापन,चिड़चिड़ापन
chidchidapan,चिड़चिड़ापन,चिड़चिड़ापन
chidhate,चिढ़ते,चिढ़ते
chidhte,चिढ़ते,चिढ़ते
chithrkar,चित्रकार,चित्रकर
chitrkar,चित्रकार,चित्रकर
chipakane,चिपकने,चिपकने
chipakne,चिपकने,चिपकने
chipkane,चिपकने,चिपकाने
chimati,चिमटी,चिमटी
chimti,चिमटी,चिमटी
chillane,चिल्लाने,चिल्नेन
chee,ची,चीई
chi,ची,ची
chuka,चुका,चूका
chune,चुने,चूने
chunar,चूनर,चुनार
changed,चेंज्ड,चेंज्ड
chetti,चेट्टी,चेट्टी
chennai,चेन्नई,चेननी
chero,चेरो,चेरो
chest,चेस्ट,चेस्ट
championship,चैंपियनशिप,चैंपियशंचिप
chor,चोर,चौर
choro,चोरों,चोरो
choron,चोरों,चोरों
chauk,चौक,चौक
chowk,चौक,चौक
chauka,चौका,चौका
chuka,चौका,चूका
chaukiyan,चौकियां,चौकियां
chauki,चौकी,चौकी
chaukhate,चौखटे,चौखते
chauguni,चौगुनी,चौगुनी
chauda,चौड़ा,चौड़ा
chaudah,चौड़ा,चौदह
chaudahavan,चौदहवां,चौदहवन
chaudhavan,चौदहवां,चौधवन
chaudhawan,चौदहवां,चौधवन
chaupati,चौपाटी,चौपाती
chupaty,चौपाटी,छुपत्य
chaupal,चौपाल,चौपाल
chaurai,चौरई,चौराई
chausinga,चौसिंगा,चौसिंगा
chausingha,चौसिंगा,चौसिंघल
chhagan,छगन,छगन
chhabi,छबि,छाबी
chhalla,छल्ला,छल्ला
chhallaa,छल्ला,छल्ला
chhaviyaan,छवियाँ,छवियां
chhaviyan,छवियाँ,छवियां
chhavi,छवी,छावी
cheh,छह,चेह
chhah,छह,छाह
chehon,छहों,चेहों
chhahon,छहों,छां
chhai,छाई,छाई
chhagla,छागला,छगला
chhajan,छाजन,छजन
chhaati,छाती,छाती
chhati,छाती,छती
chhaapemaar,छापेमार,छापेमार
chhapemar,छापेमार,छपेमार
chheenk,छींक,छींक
chhink,छींक,छींक
chink,छींक,चींक
chenkein,छींके,चेंकें
chhekein,छींके,छेकें
chhinke,छींके,छीनके
chhinky,छींके,छींकी
chinke,छींके,चिनके
chhudaane,छुडाने,छुड़ाने
chhudane,छुडाने,छुड़ाने
chhupakar,छुपकर,छुपाकर
chhupkar,छुपकर,छुप्कर
chhupkr,छुपकर,छुप्पर
chhupata,छुपता,छुपाता
chhupta,छुपता,छुप्टा
chhuptaa,छुपता,छुप्टा
chhura,छुरा,छुड़ा
chhuraa,छुरा,छुड़ा
chhuree,छुरी,छुर्री
chhuri,छुरी,छुड़ी
chhure,छुरे,छुड़े
chhootane,छूटने,छूटने
chhutane,छूटने,छुटाने
chhutne,छूटने,छुटने
chheter,छेत्र,छितर
chhetr,छेत्र,छेत्र
chhetter,छेत्र,छेत्टर
chhetri,छेत्री,छेत्री
chhetthari,छेत्री,छेट्ठारी
chhetthri,छेत्री,छेट्ठरी
chai,छै,चाय
chhai,छै,छाई
chhe,छै,छे
jagaega,जगाएगा,जगागा
jagayega,जगाएगा,जगाएगा
jaghaega,जगाएगा,जगहागा
jgaayega,जगाएगा,जगाएगा
jgayegaa,जगाएगा,जगाएगा
jajaon,जजों,जजाओं
jajon,जजों,जाजों
jad,जड़,जाद
jadd,जड़,जड़
jaddit,जड़ित,जाद्दीत
jadeite,जड़ित,जड़ीते
jadet,जड़ित,जेडेट
jadit,जड़ित,जादित
jadein,जड़ें,जादें
jaden,जड़ें,जादें
jatara,जतरा,जतारा
jatra,जतरा,जात्रा
jataati,जताती,जटाती
jatatee,जताती,जताती
jatati,जताती,जताती
janagananaa,जनगणना,जनगनना
janaganna,जनगणना,जनगन्ना
jangadnaa,जनगणना,जांगदना
janganana,जनगणना,जांगनाना
janganna,जनगणना,जांगनना
janajagran,जनजागरण,जनजग्रण
janjaagran,जनजागरण,जनजाग्रण
janjagran,जनजागरण,जनजग्रण
january,जनवरी,जनुनाय
janahaani,जनहानि,जनहानी
janahani,जनहानि,जनहनी
janhaani,जनहानि,जनहानी
janhani,जनहानि,जनहनी
jnhaani,जनहानि,जनहानी
jamaate,जमाती,जमाते
jamaati,जमाती,जमाती
jamati,जमाती,जमती
jamaaya,जमाया,जमाया
jamaeya,जमाया,जमाएया
jamaya,जमाया,जमाया
jamayaa,जमाया,जमाया
jamuai,जमुई,जामुई
jamuei,जमुई,जमूई
jamui,जमुई,जामूई
jai,जय,जाई
jay,जय,जाय
jaidayal,जयदयाल,जयदायल
jayadayal,जयदयाल,जयदायल
jaydayal,जयदयाल,जयदायल
jaibaan,जयबाण,जयबान
jaiban,जयबाण,जयबन
jaybaan,जयबाण,जयबान
jayalalita,जयललिता,जयालालिता
jayalalitaa,जयललिता,जयालालिता
jayalalithaa,जयललिता,जयालालिथा
jaylalita,जयललिता,जयलालिता
jarakh,जरख,जराख
zarakh,जरख,जराख
jarda,जर्दा,जर्दा
jardaa,जर्दा,जर्दा
zarda,जर्दा,जर्दा
jalagati,जलगति,जालागति
jalgati,जलगति,जलगाति
jalgti,जलगति,जलगती
jalte,जलते,जलते
jalbharav,जलभराव,जलभरण
jalbhraav,जलभराव,जलभराव
jalbhrav,जलभराव,जलभराव
jalvaayu,जलवायु,जलवायु
jalvayu,जलवायु,जलवायु
jalesar,जलेसर,जालेसर
jasmeet,जसमीत,जसमीत
jasmit,जसमीत,जस्मीत
jassee,जस्सी,जस्सी
jassi,जस्सी,जसिसी
jamaanaa,ज़माना,जमाना
jamana,ज़माना,जमाना
zamaanaa,ज़माना,ज़माना
zamana,ज़माना,ज़माना
jaljale,ज़लज़ले,जलजले
zalzale,ज़लज़ले,ज़लजले
zee,ज़ी,जी
jubaan,ज़ुबान,जुबान
juban,ज़ुबान,जुबान
zuban,ज़ुबान,जुबान
jaanch,जाँच,जांच
jaaunch,जाँच,जाऊंच
janch,जाँच,जांच
jaunch,जाँच,जौंच
jaagriti,जागृति,जागृति
jagriti,जागृति,जागृति
jagruti,जागृति,जागृति
jajamau,जाजमऊ,जजमाऊ
jajmau,जाजमऊ,जजमाऊ
jajmauu,जाजमऊ,जजमाऊ
jaat,जात,जाट
jat,जात,जाट
jaatak,जातक,जाटक
jatak,जातक,जटक
jaatakon,जातकों,जाटकों
jaatkon,जातकों,जातकों
jatakon,जातकों,जटकों
jaatiyon,जातियों,जातियों
jatiyon,जातियों,जातियों
jaankaaron,जानकारों,जानकारों
jaankaron,जानकारों,जानकरों
jankaron,जानकारों,जानकरों
jaanam,जानम,जान्म
janam,जानम,जन्म
jaayke,जायके,जायके
jayke,जायके,जायके
jaawar,जावर,जावर
zawar,जावर,जवार
jing,जिंग,जिंग
gin,जिन,गिन
jeen,जिन,जीण
jin,जिन,जीन
ginee,जिनी,गिनी
jinee,जिनी,जिनी
jini,जिनी,जिनी
geneva,जिनीवा,जेनेवा
jeneva,जिनीवा,जिनेवा
jiniva,जिनीवा,जिनीवा
gypsy,जिप्सी,जिप्सी
jimme,जिम्मे,जिम्मे
jiya,जिया,जीया
gic,जीआईसी,जीईसी
gr,जीआर,गीआर
gm,जीएम,जीएम
gsm,जीएसएम,जीएम
gtod,जीतोड़,ग्टॉड
gtor,जीतोड़,ग्टॉर
jeetod,जीतोड़,जीतोड
jitod,जीतोड़,जीतोड
jean,जीन,जीन
jeen,जीन,जीण
jin,जीन,जीन
jeenon,जीनों,जीनों
jinon,जीनों,जीनों
jeepney,जीपनी,जीपने
jipani,जीपनी,जिपनी
jeeyo,जीयो,जीयो
jio,जीयो,जिओ
jiyo,जीयो,जीयो
jeera,जीरा,जीरा
jira,जीरा,जीरा
jeevant,जीवंत,जीवनत
jivant,जीवंत,जीवनत
jeevan,जीवन,जीवन
jeewan,जीवन,जीवन
jivan,जीवन,जीवन
jiwan,जीवन,जीवन
jeevanshaili,जीवनशैली,जीवनशैली
jivanshaili,जीवनशैली,जीवनशैली
jeevniyaan,जीवनियां,जीवनियां
jivaniya,जीवनियां,जीवनिय
jivaniyaan,जीवनियां,जीवनियां
jivaniyan,जीवनियां,जीवनियां
jeevraaj,जीवराज,जीवराज
jivraj,जीवराज,जीवराज
jua,जुए,जु
jue,जुए,जू
juye,जुए,जुए
jutee,जुटी,जूती
juti,जुटी,जूती
judaai,जुड़ाई,जुडाई
judae,जुड़ाई,जुडाई
judai,जुड़ाई,जुडाई
judaai,जुदाई,जुडाई
judai,जुदाई,जुडाई
junoon,जुनून,जुनून
junun,जुनून,जुनुन
junooni,जुनूनी,जुनूनी
jununi,जुनूनी,जुनुनी
jubair,जुबेर,ज़ुबैर
juber,जुबेर,ज़ुबैर
zubair,जुबेर,ज़ुबैर
juraab,जुराब,जुराब
jurab,जुराब,जुराब
julaahon,जुलाहों,जुलाहों
julahon,जुलाहों,जुलाहों
julmon,जुल्मों,जुलमों
zulmon,जुल्मों,जुलमों
jood,जूड,जूद
jud,जूड,जुड़
junagadh,जूनागढ,जूनागढ़
junagarh,जूनागढ,जूनागढ़
junior,जूनियर,जूनियर
jealous,जूलूस,जीलोस
juloos,जूलूस,जुलूस
julus,जूलूस,जुलूस
jetha,जेठा,जेथा
jenner,जेनर,जेनर
generic,जेनरिक,जेनेरिक
jenrick,जेनरिक,जेनरिक
generat,जेनरेट,जनरेट
generate,जेनरेट,जनरेट
jenee,जेनी,जिनी
jenni,जेनी,जेनी
jenny,जेनी,जेनी
james,जेम्स,जम्स
jeremy,जेरेमी,जेरेमी
gerome,जेरोम,जेरोम
jerome,जेरोम,जेरोम
jacks,जैक्स,जैक्स
jain,जैन,जैन
gene,जैने,जेने
jaine,जैने,जैने
jaino,जैनों,जैनो
jainon,जैनों,जैनों
jerry,जैरी,जेरी
jasper,जैस्पर,जस्पर
jogging,जॉगिंग,जोगिंग
johnson,जॉनसन,जानसन
jobs,जॉब्स,जॉब्स
jockey,जोकि,जोकी
joki,जोकि,जोकी
jokhim,जोखिम,जोखिम
joddta,जोड़ता,जोड़ता
jodta,जोड़ता,जोडता
jorhta,जोड़ता,जोड़ता
jodiyon,जोड़ियों,जोड़ियों
jodo,जोड़ो,जोड़ो
jaun,जौं,जान
gyatavya,ज्ञातव्य,ज्ञातव्य
gyatvy,ज्ञातव्य,ज्ञातव्य
gyapit,ज्ञापित,ज्ञापित
jyotiba,ज्योतिबा,ज्योतिबा
joint,ज्वाइंट,जायंट
jvar,ज्वार,ज्वर
jwar,ज्वार,ज्वर
jvaaron,ज्वारों,जवारों
jvaron,ज्वारों,ज्वारों
jwaron,ज्वारों,ज्वारों
jewellers,ज्वेलर्स,ज्वेलर्स
jh,झ,झ
jha,झ,झा
jhalakti,झलकती,झलकति
jhalkati,झलकती,झलकती
jhalla,झल्ला,झल्ला
jhankana,झांकना,झांकाना
jhankna,झांकना,झंकना
jheel,झील,झील
jhil,झील,झील
jheelon,झीलों,झीलों
jhilon,झीलों,झिलों
jhuthala,झुठला,झुठला
jhuthla,झुठला,झुठला
jhuthalane,झुठलाने,झुठलने
jhuthlane,झुठलाने,झुठलने
tankaar,टंकार,टंकार
tankar,टंकार,टंकर
takara,टकरा,टकरा
takra,टकरा,टकरा
takaraon,टकरावों,ताकराओं
takravon,टकरावों,तकरावों
tapakti,टपकती,तपकती
tapkati,टपकती,तापकती
time,टाइम,टाईम
timer,टाइमर,टाइमर
taoo,टाऊ,टाऊ
tau,टाऊ,ताऊ
tapoowo,टापुओं,टापूवो
tapuon,टापुओं,तापूओं
tapuwo,टापुओं,तपूवो
tied,टायर्ड,टायड
tired,टायर्ड,तिर्ड
tyred,टायर्ड,टायर्ड
tarch,टार्च,ट्र्च
torch,टार्च,टॉर्च
tik,टिक,टीक
teap,टिप,टीप
tip,टिप,टीप
tippanikar,टिप्पणीकार,टिप्पणिकार
tippnikar,टिप्पणीकार,टिप्पनिकार
tivolee,टिवोली,तिवोली
tivoli,टिवोली,तिवोली
teekamgarh,टीकमगढ़,तीकंगढ़
tikamgarh,टीकमगढ़,तीकंगढ़
teekon,टीकों,टीकों
tikon,टीकों,टीकों
two,टु,टू
tension,टेंशन,टेंसन
tenis,टेनिस,टेनिस
tennis,टेनिस,टेनिस
taste,टेस्ट,तस्ते
test,टेस्ट,टेस्ट
tasting,टेस्टिंग,टास्टिंग
testing,टेस्टिंग,टेस्टिंग
tainin,टैनिन,टैनिन
tenin,टैनिन,टेनिन
tanish,टैनिस,तनिश
tennis,टैनिस,टेनिस
taboo,टैबू,ताबू
taiboo,टैबू,ताब्बू
taobao,टैबू,ताबो
tonic,टॉनिक,टोनीक
tonga,टोंगा,टोंगा
toka,टोका,टोका
tuesday,ट्यूजडे,ट्यसदे
tuning,ट्यूनिंग,ट्यूनिंग
tuberculosis,ट्यूबरक्यूलोसिस,ट्यूबरसूलोसिस
tuberkyulosis,ट्यूबरक्यूलोसिस,तुबर्क्यूमोसिस
truck,ट्रक,ट्रुक
trangistor,ट्रांजिस्टर,ट्राजिज्टर
tranjister,ट्रांजिस्टर,ट्रांजिस्टर
transistor,ट्रांजिस्टर,ट्रांसिस्टर
transfer,ट्रान्सफर,ट्रांसफर
tribunal,ट्रिब्युनल,त्रिब्यूल
tribunal,ट्रिब्यूनल,त्रिब्यूल
trubyunal,ट्रिब्यूनल,तृक्युलाल
truth,ट्रुथ,तृथ
tuth,ट्रुथ,तूथ
traded,ट्रेडेड,ट्रेड्ड
trabal,ट्रेबल,ट्रेबल
trebal,ट्रेबल,ट्रेबल
trouble,ट्रेबल,ट्रबल
traip,ट्रैप,ट्रैप
trap,ट्रैप,ट्रेप
trot,ट्रॉट,ट्रॉट
trott,ट्रॉट,ट्रोट
thakkar,ठक्कर,ठक्कर
thakkr,ठक्कर,ठक्कर
thaharne,ठहरने,ठहरने
thahrane,ठहरने,ठहराने
theharne,ठहरने,ठहरने
thikane,ठिकाने,ठिकाने
thumari,ठुमरी,थूमारी
thumri,ठुमरी,थूमरी
theinga,ठेंगा,थेंगा
thenga,ठेंगा,ठेंगा
thengaa,ठेंगा,ठेंगा
daglas,डगलस,डगलास
douglas,डगलस,डोल्स
dabhara,डभरा,दाभारा
dabhra,डभरा,दाभरा
dabhoi,डभोई,दाभोई
dam,डम,डैम
dum,डम,डूम
darate,डराते,डरते
daratey,डराते,डरते
daravani,डरावनी,दरावणी
darawani,डरावनी,दरावानी
dravani,डरावनी,द्रवणी
down,डाउन,डाउन
daak,डाक,डाक
dak,डाक,डक
daka,डाका,डका
dabi,डाबी,दबी
dabolim,डाबोलिम,दबोलिम
dinosaur,डायनासोर,दिनोसौर
diaries,डायरीज,डायरिएस
dit,डिट,डित
depthiriya,डिप्थीरिया,दिप्थिरिया
diphtheria,डिप्थीरिया,दीप्ठेरिया
de,डीई,दे
dealership,डीलरशिप,डीलर्शिप
dvc,डीवीसी,डीवीसी
dubaana,डुबाना,दुबाना
dubana,डुबाना,दुबना
dubona,डुबोना,दुबोना
dulne,डुलने,डूलने
doonarpur,डूंगरपुर,दूनरपुर
doongarpur,डूंगरपुर,डूंरपुर
dungarpur,डूंगरपुर,दूंगरपुर
dungerpur,डूंगरपुर,डूंटरपुर
dubana,डूबना,दुबना
dubna,डूबना,दूबना
dangerous,डेंजरस,डेंगरूस
daisy,डेजी,दैस्य
dazy,डेजी,दाजी
deji,डेजी,देजी
deputy,डेप्युटी,डिप्टी
davidson,डेविडसन,द्विद्सों
devidson,डेविडसन,देविडसन
davey,डेवी,दवे
devi,डेवी,देवी
dewey,डेवी,देवे
destination,डेस्टिनेशन,डिस्टिनेशन
datson,डैटसन,दत्सन
datsun,डैटसन,दत्सन
daddy,डैडी,दद्द्य
dark,डॉर्क,डार्क
dork,डॉर्क,डोर्क
dose,डोज,डोस
domenic,डोमेनिक,डोमेनिक
doranda,डोरंडा,दोरंडा
dolane,डोलने,डोलाने
dolne,डोलने,डॉलने
dual,ड्युअल,डुएल
duak,ड्यूक,डुक
duke,ड्यूक,डूके
drame,ड्रामे,ड्रम
dramen,ड्रामे,ड्रमेन
drager,ड्रेजर,ड्रेजर
dredger,ड्रेजर,ड्रेजर
dreijer,ड्रेजर,ड्रेइजर
dhakaal,ढकाल,ढकाल
dhakal,ढकाल,ढकाल
dhakkal,ढकाल,ढक्काल
dhkal,ढकाल,ढकाल
dhale,ढले,ढाले
dhoondh,ढूंढ,धूंढ
dhundh,ढूंढ,धुंध
dhoondhata,ढूंढता,ढूंढटा
dhundhata,ढूंढता,ढूंढटा
dhundhta,ढूंढता,ढूंढटा
dhoondhi,ढूंढी,धूंढ़ी
dhundhi,ढूंढी,धुंधी
tanjavur,तंजावुर,तंजावूर
thanjavur,तंजावुर,तंजावूर
tantr,तंत्र,तंत्र
tantra,तंत्र,तंत्र
tantrikao,तंत्रिकाओं,तंत्रिकाओं
tantrikaon,तंत्रिकाओं,तंत्रिकाओं
tantro,तंत्रों,टंत्रो
tantron,तंत्रों,तंत्रों
tagade,तगड़े,तगड़े
tagde,तगड़े,तगडे
tadipaar,तड़ीपार,ताड़ीपार
tadipar,तड़ीपार,ताड़ीपर
tani,तनी,तनी
tapan,तपन,टपन
tarafa,तरफा,तराफा
tarfa,तरफा,ताफ्फा
tarabganj,तरबगंज,तरबगंज
taras,तरस,तारस
taraash,तराश,तराश
tarash,तराश,तराश
tarashay,तराशे,तराशय
tarashe,तराशे,तराशे
tareeko,तरीको,तरीको
tariko,तरीको,तरीको
tark,तर्क,तर्क
tarkvaad,तर्कवाद,तर्कवाद
tarkvad,तर्कवाद,तर्कवाद
tarkwaad,तर्कवाद,तर्कवाद
tarko,तर्कों,टारको
tarkon,तर्कों,तरकों
talabgaar,तलबगार,तलाबगार
talabgar,तलबगार,तलाबगार
talbagaar,तलबगार,तलबागार
talbagar,तलबगार,टालबागार
talawe,तलवे,तलावे
talve,तलवे,तलवे
talawon,तलवों,तलावों
talvon,तलवों,तलवों
tahakhana,तहखाना,तहखाना
tahkhaana,तहखाना,तहखाना
tahkhana,तहखाना,तहखाना
taantaa,तांता,टांटा
tanta,तांता,टांटता
tambe,तांबे,तंबे
tanbe,तांबे,टंबे
taaja,ताजा,ताजा
taajaa,ताजा,ताजा
taaza,ताजा,ताजा
taja,ताजा,ताजा
taza,ताजा,ताजा
tansen,तानसेन,टनसें
taapmaanon,तापमानों,तापमानों
tapmano,तापमानों,तापमानों
tapmanon,तापमानों,तापमानों
taapti,ताप्ती,तापती
tapti,ताप्ती,टापती
tarabai,ताराबाई,तराबाई
taseer,तासीर,तसीर
tasir,तासीर,तसीर
taahi,ताहि,ताही
tahi,ताहि,ताही
tikone,तिकोने,टीकोने
tirupati,तिरूपति,तिरुपति
tiwari,तिवारी,तिवाड़ी
ti,ती,टी
teer,तीर,टीर
tir,तीर,तीर
teeron,तीरों,टीरों
tiron,तीरों,तिरों
tirthatan,तीर्थाटन,तीर्थतान
tungnath,तुंगनाथ,तुंग्नाथ
tughlaq,तुगलक,तुघलाक
tuglak,तुगलक,तुग्लक
tughlakabad,तुगलकाबाद,तुघलाकाबाद
tughlaqabad,तुगलकाबाद,तुघलाकाबाद
tuglakabad,तुगलकाबाद,तुग्लाकाबाद
tugalaki,तुगलकी,तुगलाकि
tugalki,तुगलकी,तुगलकी
tuglaki,तुगलकी,तुग्लाकि
tufail,तुफैल,टूफैल
tejaji,तेजाजी,तेजाजी
teji,तेजी,तेज़ी
tel,तेल,टेल
telon,तेलों,टेलों
to,तो,टू
toh,तो,तो
taul,तौल,ताल
tyohaar,त्यौहार,त्योहार
tyohar,त्यौहार,त्योहार
tyoihar,त्यौहार,त्योहार
tyauharon,त्यौहारों,त्यौहारों
tyoharon,त्यौहारों,त्योहारों
tyoiharon,त्यौहारों,त्योहारों
trijata,त्रिजटा,त्रिजता
trijta,त्रिजटा,तृजता
triya,त्रिया,त्रिया
tremasik,त्रैमासिक,ट्रेमेशिक
trimasik,त्रैमासिक,त्रिमेशिक
tse,त्से,टीएसे
thaki,थकी,ठाकी
thki,थकी,थीकी
tharti,थर्टी,ठारती
thirty,थर्टी,थीर्टी
thane,थाणे,थाने
thaanvi,थानवी,थानवी
thanvi,थानवी,ठनवी
theateron,थिएटरों,थीटरों
theatron,थिएटरों,ठीटरों
theaters,थिएटर्स,टीटर्स
theater,थियेटर,थीटर
theatre,थियेटर,ठीटरे
theateron,थियेटरों,थीटरों
theatron,थियेटरों,ठीटरों
thitron,थियेटरों,थितरों
theaters,थियेटर्स,टीटर्स
theatrs,थियेटर्स,थीटर्स
thiyeters,थियेटर्स,थियेटर्स
thirake,थिरके,थिरके
thirke,थिरके,थिरके
thief,थीफ,थीफ
then,थेन,थें
theni,थेनी,थेनी
thailee,थैली,थाइली
thaili,थैली,थाइली
thaile,थैले,थाइले
dang,दंग,डैंग
danga,दंगा,डांगा
dangon,दंगों,डांगों
dampati,दंपति,दाम्पति
danpati,दंपति,डंपति
dampatiyon,दंपतियों,दंपतियों
dampattiyon,दंपतियों,दंपत्तियों
danptiyon,दंपतियों,दंपतियों
dadreva,ददरेवा,दद्रेवा
dadrewa,ददरेवा,दद्रेवा
damoh,दमोह,दमोह
dardara,दरदरा,दरदारा
dardraa,दरदरा,दर्दरा
durdhara,दरदरा,दूरधारा
darmiyaan,दरमियान,दारमियां
darmiyan,दरमियान,दारमियां
darjano,दर्जनों,दरजानों
darjanon,दर्जनों,दरजानों
darp,दर्प,डर्प
darra,दर्रा,डरा
dalbadal,दलबदल,दलबाल
dalbadl,दलबदल,डलबाल्ल
dali,दली,डाली
dastaanaa,दस्ताना,दस्ताना
dastana,दस्ताना,दस्ताना
dastavej,दस्तावेज,दस्तावेज़
dahan,दहन,दहान
dahal,दहल,दहाल
da,दा,डीए
daakhil,दाखिल,दाखिल
dakhil,दाखिल,दाखिल
daakhile,दाखिले,दाखिले
dakhile,दाखिले,दखिले
daataa,दाता,दाता
data,दाता,डाटा
dadari,दादरी,दादरी
daanshil,दानशील,दांशील
danshil,दानशील,डंशिल
daabholkar,दाभोलकर,दाभोलकर
dabholkar,दाभोलकर,दाभोलकर
damale,दामले,डमले
damle,दामले,डमले
dayitv,दायित्व,दायित्व
dayitva,दायित्व,दायित्व
dayitwa,दायित्व,दायित्व
dayitvon,दायित्वों,दायित्वों
dayityon,दायित्वों,दायित्यों
darul,दारूल,दारुल
daav,दाव,दाव
daaw,दाव,दाव
dav,दाव,डीएवी
daw,दाव,डॉ
daah,दाह,दाह
dah,दाह,दाह
dikhla,दिखला,दिखला
dikhlaa,दिखला,दिखला
dikhaaiye,दिखाइये,दिखाइए
dikhaiye,दिखाइये,दिखाइए
dikhaai,दिखाई,दिखाई
dikhai,दिखाई,दिखाई
dikhayi,दिखाई,दिखाई
dikhaaee,दिखाईं,दिखाई
dikhaai,दिखाईं,दिखाई
dikhaain,दिखाईं,दिखाएं
dikhaee,दिखाईं,दिखाई
dikhai,दिखाईं,दिखाई
dikhayin,दिखाईं,दिखाइन
dikhai,दिखायी,दिखाई
dikhayi,दिखायी,दिखाई
dikhaai,दिखार्इ,दिखाई
dikhae,दिखार्इ,दिखाए
dikhai,दिखार्इ,दिखाई
dikhayi,दिखार्इ,दिखाई
dita,दिता,दीता
ditaa,दिता,दीता
dinaank,दिनांक,दीनांक
dinank,दिनांक,दीनांक
dirham,दिरहम,दीरहम
dilaaye,दिलाये,दिलाए
dilaye,दिलाये,दिलाए
deewani,दिवानी,दीवानी
diwani,दिवानी,दिवानी
divy,दिव्य,दिव्य
divya,दिव्य,दिव्य
divyata,दिव्यता,दिव्यता
divya,दिव्या,दिव्य
deepan,दीपन,दीपन
deepn,दीपन,दीपन
dipan,दीपन,दीपान
deepsingh,दीपसिंह,दीपिंह
dipsingh,दीपसिंह,दीप्सिंह
deepika,दीपिका,दीपिका
dipika,दीपिका,दीपिका
deeya,दीया,दीया
diya,दीया,दिया
dukaanon,दुकानों,दूकानों
dukanon,दुकानों,दूकानों
dukke,दुक्के,डुक्के
dukhan,दुखन,दुखान
dukhit,दुखित,दुखित
dukhiyon,दुखियों,दुखियों
dukhon,दुखों,दूखों
dubhashiyon,दुभाषियों,दुभाषियों
durgun,दुर्गुण,दुर्गुं
durghatna,दुर्घटना,दुर्घटना
durghtna,दुर्घटना,दुर्घटाना
duneerti,दुर्नीति,डनीर्ती
durniti,दुर्नीति,दूरनीति
durbhiksh,दुर्भिक्ष,दुर्भिक्ष
duvidhaaen,दुविधाएं,दुविधाएं
duvidhaayein,दुविधाएं,दुविधाएं
duvidhaen,दुविधाएं,दुविधाएं
duwaidhaayein,दुविधाएं,दुवैधाएं
dune,दूने,दूने
doordarshan,दूरदर्शन,दूरदर्शन
durdarshan,दूरदर्शन,दूरदर्शन
dradh,दृढ़,दृद्ध
dridh,दृढ़,दृद्ध
dekhoge,देखोगे,डेखोगे
denevaali,देनेवाली,देनेवाली
denevali,देनेवाली,देनेवाली
denewaali,देनेवाली,देनेवाली
denewali,देनेवाली,देनेवाली
deonar,देवनार,डियनार
devnaar,देवनार,देवनार
devnar,देवनार,देवनर
devaapur,देवापुर,देवापुर
devapur,देवापुर,देवापुर
devi,देवी,देवी
devisingh,देवीसिंह,डिविजिंह
devisinh,देवीसिंह,डिविजिन
deshkaal,देशकाल,देशकाल
deshkal,देशकाल,देशकल
deshke,देशके,देशके
desai,देसाई,देसाई
doge,दोगे,डोज
dvadash,द्वादश,द्वादश
dwaadas,द्वादश,द्वादास
dvivedi,द्विवेदी,द्विवेदी
dwivedi,द्विवेदी,द्विवेदी
dhande,धंधे,ढंडे
dhandhe,धंधे,ढंडे
dhndhe,धंधे,धृंढे
dhandhon,धंधों,ढंडों
dhandon,धंधों,ढंडों
dhakelte,धकेलते,ढकेलते
dhkelate,धकेलते,ढकेलते
dhatana,धटना,धातना
dhatna,धटना,धातना
dhankuber,धनकुबेर,धनकुबर
dhanadhany,धनधान्य,धनाढन्य
dhandhaanya,धनधान्य,धंधान्य
dhandhany,धनधान्य,धंधन्य
dhandhanya,धनधान्य,धंधन्य
dhamkaataa,धमकाता,धमकाता
dhamkata,धमकाता,धमकता
dhamm,धम्म,धम्म
dhamma,धम्मा,धम्मा
dhammaa,धम्मा,धम्मा
dharmnath,धर्मनाथ,धर्मनाथ
dharmraj,धर्मराज,धर्मराज
dharmesh,धर्मेश,धर्मेश
dhasmaanaa,धस्माना,धसमाना
dhasmana,धस्माना,धसमाना
dhaak,धाक,ढाक
dhak,धाक,ढाक
dhaaga,धागा,धागा
dhaagaa,धागा,धागा
dhaga,धागा,धागा
dhaatuein,धातुएं,धातुएं
dhaatuyein,धातुएं,धातुएं
dhtuen,धातुएं,धतुएं
dhaarak,धारक,ढारक
dharak,धारक,धारक
dhaari,धारी,धारी
dhari,धारी,धारी
dhuan,धुआं,धुं
dhunaai,धुनाई,धुंआई
dhunai,धुनाई,धुनाई
dhuriya,धुरिया,धुरिया
dhuriyaa,धुरिया,धुरिया
dhuni,धूनी,धूणी
dhairyavaan,धैर्यवान,धैर्यवाण
dhairyawan,धैर्यवान,धैर्यवां
dhiryavan,धैर्यवान,धीर्यवन
dhiryawaan,धैर्यवान,धीर्यावान
dhokebaaj,धोखेबाज,धोखेबाज
dhokebaaz,धोखेबाज,धोखेबाज
dhokebaj,धोखेबाज,धोखेबाज
dhokebaz,धोखेबाज,धोखेबाज
dhokhebaaj,धोखेबाज,धोखेबाज
dhokhebaj,धोखेबाज,धोखेबाज
dhona,धोना,ढोना
dhonaa,धोना,ढोना
dhoraaji,धोराजी,धोराजी
dhoraji,धोराजी,धोरजी
dhoron,धोरों,धोरों
dhyeyavaadi,ध्येयवादी,ध्य्यवादी
dhyeywadi,ध्येयवादी,ध्य्यवादी
dyeyvadi,ध्येयवादी,ड्य्यवादी
dhrupad,ध्रुपद,ध्रुपद
drupad,ध्रुपद,द्रुपद
nandanvan,नंदनवन,नंदनवन
nadsa,नक्सल,नदसा
naksal,नक्सल,नकसाल
naxal,नक्सल,नक्सल
naksalavaad,नक्सलवाद,नकसालावाद
naksalwaad,नक्सलवाद,नकसालवाद
naksalwad,नक्सलवाद,नकसालवाड़
naxalvaaad,नक्सलवाद,नक्लवाद
naxalwaad,नक्सलवाद,नक्लवाड़
naksaliyon,नक्सलियों,नकसालियों
naxaliyon,नक्सलियों,नक्मलियों
naksali,नक्सली,नकसाली
naxali,नक्सली,नक्ली
nagaada,नगाड़ा,नगाडा
nagaadaa,नगाड़ा,नगादा
nagaaraa,नगाड़ा,नगारा
nageene,नगीने,नागीने
nagine,नगीने,नागिन
najarandaaj,नजरंदाज,नजरअंदाज
najarandaaz,नजरंदाज,नजरअंदाज
nazarandaaj,नजरंदाज,नजरअंदाज
nazarandaaz,नजरंदाज,नजरअंदाज
nazarandaz,नजरंदाज,नजरअंदाज
najraane,नजराने,नजराने
nazraane,नजराने,नजराने
najariyon,नजरियों,नजरियों
najriyon,नजरियों,नजरियों
najron,नजरों,नजरों
najeeb,नजीब,नजीब
najib,नजीब,नाजिब
najibabaad,नजीबाबाद,नाजिबाबाद
najibabad,नजीबाबाद,नाजिबाबाद
najeem,नजीम,नजीम
najim,नजीम,नाजिम
nazeem,नजीम,नजीम
nana,नना,नाना
nanaa,नना,नाना
nna,नना,नाना
nanhe,नन्हें,नन्हे
nanhein,नन्हें,नन्हें
nabj,नब्ज़,नब्ब
nabja,नब्ज़,नब्जा
nabz,नब्ज़,नब्ब
namkeen,नमकीन,नमकीन
namkin,नमकीन,नमकीन
narnaari,नरनारी,नरनारी
narnari,नरनारी,नर्नरी
narbhakshi,नरभक्षी,नारभक्षी
naram,नरम,नरम
narm,नरम,नर्म
narmi,नरमी,नार्मी
narsanhar,नरसंहार,नरसंहार
narsanharon,नरसंहारों,नरसंहारों
november,नवंबर,नोवंबर
navketan,नवकेतन,नवकेतन
navjaagaran,नवजागरण,नवजागरण
navjagran,नवजागरण,नवजग्रण
navdha,नवधा,नवधा
navvadhoo,नववधू,नववादु
navvadhu,नववधू,नववाद्यु
nava,नवा,नवा
navaa,नवा,नवा
navate,नवाते,नवाते
navanagar,नवानगर,नवानगर
nawanagar,नवानगर,नवानगर
navya,नव्या,नव्य
naseem,नसीम,नसीम
nasim,नसीम,नसीम
nights,नाइट्रस,नाइट्स
nitrous,नाइट्रस,नाइट्रॉस
nineteez,नाइनटीज,निनेटीज
nineties,नाइनटीज,निनेटिस
ninties,नाइनटीज,निंटीज
nau,नाऊ,नौ
nauu,नाऊ,नौ
naakaam,नाकाम,नाकाम
nakam,नाकाम,नकम
naagrik,नागारिक,नागरिक
nagarik,नागारिक,नागरिक
nagrik,नागारिक,नागरिक
nagin,नागिन,नागिन
nadep,नाडेप,नेडेप
nanak,नानक,नानक
nanavati,नानावती,नानावटी
napane,नापने,नापने
napne,नापने,नापने
napa,नापा,नापा
naam,नाम,नाम
naamdhari,नामधारी,नामधारी
namdhari,नामधारी,नामधारी
namankano,नामांकनों,नमांकणों
namankanon,नामांकनों,नमांकणों
namavaliyon,नामावलियों,नमावलियों
naamo,नामो,नामो
namo,नामो,नमो
nayak,नायक,नायक
naraji,नाराजी,नाराजी
naraingarh,नारायणगढ़,नारैंगढ़
narayangadh,नारायणगढ़,नारायंगढ़
narayangarh,नारायणगढ़,नारायंगढ़
naasar,नासर,नासर
nahargadh,नाहरगढ,नहरगढ़
nahargarh,नाहरगढ,नहरगढ़
nikalegi,निकलेगी,निकालेगी
nikalogi,निकलेगी,निकालोगी
nikaalani,निकालनी,निकालनी
nikaalni,निकालनी,निकालनी
nikalani,निकालनी,निकलनी
nikalni,निकालनी,निकलनी
nicki,निकी,निकी
nicky,निकी,निकी
niki,निकी,निकी
niketan,निकेतन,निकेतन
nikhar,निखर,निखर
nikhari,निखरी,निखरी
nigar,निगर,निगार
nigger,निगर,निगर
nichala,निचला,निचला
nichalaa,निचला,निचला
nichla,निचला,निचला
nitiyon,नितियों,नितियों
nitya,नित्या,नित्य
nityaa,नित्या,नित्या
nidhaan,निधान,निधान
nidhan,निधान,निधन
nipatara,निपटारा,निपटारा
niptaara,निपटारा,निपटारा
niptaaraa,निपटारा,निपटारा
niptara,निपटारा,निपटारा
niyanta,नियंता,नियंता
niyantaa,नियंता,नियंता
niya,निया,निया
niyaa,निया,निया
nirdeshika,निर्देशिका,निर्देशिका
nirdeshikaa,निर्देशिका,निर्देशिका
nirdhaarit,निर्धारित,निर्धारित
nirdharit,निर्धारित,निर्धारित
nirbaadh,निर्बाध,निर्बाध
nirbadh,निर्बाध,निर्दाध
niveshakartaa,निवेशकर्ता,निवेदकार्ता
niveshkarta,निवेशकर्ता,निवेदकर्ता
niveshkartaa,निवेशकर्ता,निवेदकर्ता
nischal,निश्चल,निश्चल
nishchal,निश्चल,निश्चल
nishnaat,निष्णात,निश्णात
nishpaap,निष्पाप,निष्पाप
nihalaani,निहलानी,निहालानी
nihlaani,निहलानी,निहलानी
nihlani,निहलानी,निहलानी
nihaalchand,निहालचंद,निहालचंद
nihalchand,निहालचंद,निहालचंद
neechaaee,नीचाई,नीचाई
nichaai,नीचाई,निचाई
neat,नीट,नीट
neet,नीट,नीत
neetiyon,नीतियों,नीतियों
nitiyon,नीतियों,नितियों
neelagaay,नीलगाय,नीलगाय
nilgai,नीलगाय,नीलगी
neelaabh,नीलाभ,नीलाभ
nilaabh,नीलाभ,निलाभ
nilabh,नीलाभ,निलाभ
nuskhe,नुस्खे,नुस्खे
noon,नून,नून
nun,नून,नन
noobiyaa,नूबिया,नूबिया
nubiya,नूबिया,नुबिया
nrityashaili,नृत्यशैली,नृत्याशिली
nrutyashaili,नृत्यशैली,नृत्याशिली
nrityon,नृत्यों,नृत्यों
nrutyon,नृत्यों,नृत्यों
neco,नेको,नीको
neko,नेको,नेको
nectar,नेक्टर,नेक्टर
neg,नेग,नेग
nega,नेग,नेगा
networking,नेटवर्किग,नेटवर्किंग
neto,नेटो,नेटो
neta,नेता,नेता
nemo,नेमो,नेमो
nelsan,नेल्सन,नेल्सन
nelson,नेल्सन,नेल्सन
nations,नेशंस,नेशंस
nehara,नेहरा,नेहरा
nehra,नेहरा,नेहरा
naino,नैनो,नैनो
nano,नैनो,नैनो
naivedh,नैवेद्य,नैवेध
naivegh,नैवेद्य,नैवेघ
nevedya,नैवेद्य,नेवेद्या
nominate,नॉमिनेट,नोमिनेट
naukari,नोकरी,नौकरी
naukri,नोकरी,नौकरी
nokari,नोकरी,नौकरी
nokri,नोकरी,नोकरी
notes,नोट्स,नोट्स
nora,नोरा,नोरा
nori,नोरी,नॉरी
nauner,नौनेर,नौनर
nauvahan,नौवहन,नौवाहन
naushad,नौशाद,नौषद
panchaang,पंचांग,पंचांग
panchang,पंचांग,पंचंग
punchang,पंचांग,पंचंग
punjab,पंजाब,पंजब
punjabiyon,पंजाबियों,पंजबियों
pantar,पंटर,पतंतर
panter,पंटर,पैंटर
punter,पंटर,पंतर
pakaayein,पकाएं,पकाएं
pakaayen,पकाएं,पकाएं
pakaen,पकाएं,पकाएं
pakayen,पकाएं,पकाएं
pakaude,पकौड़े,पकौड़े
pakshapat,पक्षपात,पक्षपात
pakshpaat,पक्षपात,पक्षपात
pakshpat,पक्षपात,पक्षपत
pagabadha,पगबाधा,पगाबध
pagbadha,पगबाधा,पग्गढ़
pagalaa,पगला,पागला
pagla,पगला,पगला
pachaataa,पचाता,पचाता
pachata,पचाता,पचाता
patakkar,पटककर,पटक्कार
patkathaayein,पटकथाएं,पटकथाएं
patkathaein,पटकथाएं,पटकथाएं
patkathayen,पटकथाएं,पटकथाएं
patki,पटकी,पटकी
pataraani,पटरानी,पटरानी
patrani,पटरानी,पत्रानी
patavaari,पटवारी,पतवारी
patwari,पटवारी,पतवारी
pataakshep,पटाक्षेप,पताक्षेप
patachep,पटाक्षेप,पटचेप
patakshep,पटाक्षेप,पतक्षेप
patiya,पटिया,पटिया
patiyaa,पटिया,पटिया
padaraunaa,पडरौना,पदारौना
padrauna,पडरौना,पाद्राण
padega,पड़ेगा,पदेगा
padegaa,पड़ेगा,पदेगा
padha,पढ़ा,पढ़ा
padhaa,पढ़ा,पधा
padhaataa,पढ़ाता,पढ़ाता
padhata,पढ़ाता,पढ़ता
patili,पतीली,पाटिली
padamawati,पदमावती,पदमावती
padmavati,पदमावती,पद्मावती
padmawati,पदमावती,पद्मावती
padadhikari,पदाधिकारी,पदाधिकारी
panapnaa,पनपना,पनपना
panpana,पनपना,पनपना
panaamaa,पनामा,पनामा
panama,पनामा,पनमा
paneer,पनीर,पानीर
pammi,पम्मी,पम्मी
pammu,पम्मी,पममू
pummi,पम्मी,प्म्मी
pummy,पम्मी,प्म्मी
pardesiyon,परदेसियों,परदेशियों
pardesi,परदेसी,परदेसी
parva,परवा,पर्व
parvaa,परवा,परवा
parwa,परवा,पर्वा
parwaa,परवा,परवा
paraadheen,पराधीन,पराधीन
paraadhin,पराधीन,पराधीन
paradheen,पराधीन,पराधीन
paradhin,पराधीन,पराधीन
parikalpit,परिकल्पित,परिकल्पित
parimal,परिमल,परिमल
parishad,परिषद,परिशाद
parishadiy,परिषदीय,परिशादिय
parishadiya,परिषदीय,परिशादिय
parishadon,परिषदों,परिशादों
parikhaen,परीक्षाएं,परिक्षें
parikshaayein,परीक्षाएं,परीक्षाएं
parikshaen,परीक्षाएं,परीक्षाएं
parosane,परोसने,परोसने
parosne,परोसने,परोसने
parda,पर्दा,पर्दा
pardaa,पर्दा,पर्दा
purple,पर्पल,पुर्पल
palatne,पलटने,पलटने
paltane,पलटने,पल्टने
palaari,पलारी,पलारी
palari,पलारी,पलारी
pale,पले,पाले
palmonari,पल्मोनरी,पाल्मोनारी
pulmonary,पल्मोनरी,पुल्मोनरी
plus,पल्स,प्लस
pulse,पल्स,पुल्स
pashtun,पश्तून,पाष्टुण
pashtuun,पश्तून,पश्तुण
pahan,पहन,पाहन
pehan,पहन,पहन
pahantaa,पहनता,पहनता
pahnata,पहनता,पहनाता
pehnate,पहनता,पहनते
pahanate,पहनते,पहनते
pahante,पहनते,पहनते
pehnate,पहनते,पहनते
pahnaakar,पहनाकर,पहनाकर
pahnakar,पहनाकर,पहनाकर
pehnakar,पहनाकर,पहनाकार
pahnaati,पहनाती,पहनाती
pahnati,पहनाती,पहनती
pehnati,पहनाती,पहनती
pahani,पहनी,पहनी
pahni,पहनी,पहनी
pehni,पहनी,पहनी
pahno,पहनो,पहनों
pehno,पहनो,पहनो
pahla,पहला,पहला
pahlaa,पहला,पहला
pehla,पहला,पहला
paheliyaan,पहेलियां,पहेलियां
paheliyan,पहेलियां,पहेलियां
paheliyon,पहेलियों,पहेलियों
pide,पाइड,पीड
pied,पाइड,पियड
pythagoras,पाइथागोरस,पिथागोरस
pythogaras,पाइथागोरस,पिथोगार
paakhandi,पाखंडी,पाखंडी
pakhandi,पाखंडी,पाखंडी
paathshaalaayein,पाठशालाएं,पाठशालाएं
pathshalayein,पाठशालाएं,पाठशालाएं
pathshalayen,पाठशालाएं,पाठशालाएं
paathyakram,पाठ्यक्रम,पाठ्यक्रम
pathyakram,पाठ्यक्रम,पाठयक्रम
pathykram,पाठ्यक्रम,पाठयक्रम
paathyakramon,पाठ्यक्रमों,पाठ्यक्रमों
pathyakramon,पाठ्यक्रमों,पाठयक्रमों
pathykramon,पाठ्यक्रमों,पाठयक्रमों
population,पापुलेशन,पॉपुलेशन
pailot,पायलट,पैलोट
pilot,पायलट,पिलोट
pailoton,पायलटों,पैलोटों
piloton,पायलटों,पिलोटों
paarampariktaa,पारंपरिकता,पारंपारिकता
paramparikata,पारंपरिकता,परंपारिकता
paramparikta,पारंपरिकता,परंपारिकता
parnel,पार्नेल,पर्नेल
parnell,पार्नेल,पर्नेल
parleron,पार्लरों,पार्लरों
parloron,पार्लरों,पार्लोरों
parlouron,पार्लरों,पार्लोरों
paarshad,पार्षद,पार्षद
parshad,पार्षद,पारशाद
paarshadon,पार्षदों,पार्शदों
parshadon,पार्षदों,पारशादों
parshdon,पार्षदों,पारश्दों
policy,पालिसी,पुलिसी
pinta,पिंटा,पिंटा
pintaa,पिंटा,पिंता
piega,पिएगा,पीगा
piyegaa,पिएगा,पियेगा
pic,पिक,पीक
pick,पिक,पिक
pik,पिक,पीक
piki,पिकी,पीकी
piky,पिकी,पीकी
picture,पिक्चर,पिक्चर
pigmentation,पिगमेंटेशन,पिगमेंटेशन
pigs,पिग्स,पिज्स
pichde,पिछड़े,पिछडे
pichhade,पिछड़े,पिछड़े
pijja,पिज्जा,पिज्जा
pizza,पिज्जा,पिज़्ज़ा
pitaamaha,पितामह,पितामह
pitamah,पितामह,पितमाह
pipra,पिपरा,पिप्र
pipraa,पिपरा,पिपरा
pipli,पिपली,पीपली
pearson,पियरसन,पियरसन
pierson,पियरसन,पियर्सन
peary,पियरी,पिरी
piyari,पियरी,पियारी
pisaai,पिसाई,पिसाई
pisai,पिसाई,पिसाई
pihaani,पिहानी,पिहानी
pihani,पिहानी,पिहनी
pib,पीआईबी,पीब
pr,पीआर,पीआर
pml,पीएमएल,पीएल
pmo,पीएमओ,प्मो
pmch,पीएमसीएच,पीमच
psv,पीएसवी,पीसी
peaking,पीकिंग,पीकिंग
picking,पीकिंग,पिकिंग
peetne,पीटने,पीटने
pitne,पीटने,पिटने
pedia,पीडिया,पेडिया
pidiya,पीडिया,पीढ़िया
pidiyaa,पीडिया,पीढ़िया
peelepan,पीलेपन,पीलेपन
pilepan,पीलेपन,पिलेपन
pv,पीवी,पीवी
pisa,पीसा,पीसा
putla,पुतला,पुतला
putlaa,पुतला,पुतला
putaliyaan,पुतलियां,पुतलियां
putliyan,पुतलियां,पुटलियां
putaliyon,पुतलियों,पुतलियों
putliyon,पुतलियों,पुटलियों
putali,पुतली,पुतली
putli,पुतली,पुतली
putale,पुतले,पुतले
putle,पुतले,पुटले
putin,पुतिन,पुटीन
putul,पुतुल,पुतुल
punargathan,पुनर्गठन,पुनर्गठन
puna,पुना,पूना
puraane,पुराने,पुराने
purane,पुराने,पुराने
puru,पुरू,पुरु
purjon,पुर्जों,पुरजों
purzon,पुर्जों,पुर्जों
pulam,पुलम,पुलम
pushkin,पुश्किन,पुष्कीन
pushkarana,पुष्करणा,पुष्करण
pushkarna,पुष्करणा,पुष्करण
pushkarnaa,पुष्करणा,पुष्करणा
pushp,पुष्प,पुष्प
pushpa,पुष्प,पुष्प
pushpa,पुष्पा,पुष्प
pushpaa,पुष्पा,पुष्पा
pushpit,पुष्पित,पुष्पित
pushpon,पुष्पों,पुष्पों
poonjikaran,पूंजीकरण,पूंजीकरण
punjikaran,पूंजीकरण,पूंजीकरण
poojaapaath,पूजापाठ,पूजापाठ
poojapath,पूजापाठ,पूजापत्ठ
pujapath,पूजापाठ,पूजापाठ
pooranpur,पूरनपुर,पूरंपुर
puranpur,पूरनपुर,पुरंपुर
purvaabhaas,पूर्वाभास,पूर्वाभास
purvaabhas,पूर्वाभास,पूर्वाभास
purvabhaas,पूर्वाभास,पूर्वाभास
purvabhas,पूर्वाभास,पूर्वाभास
pendulam,पेंडुलम,पेंडुलम
pendulum,पेंडुलम,पेंडुलम
peg,पेग,पेग
pages,पेजेज,पेज्स
pajej,पेजेज,पजेज
pace,पेस,पेस
pes,पेस,पेस
pastry,पेस्ट्री,पास्ट्री
pangolin,पैंगोलिन,पांगोलिन
pengolin,पैंगोलिन,पेंगोलिन
packard,पैकर्ड,पैकार्ड
package,पैकेज,पैकाजे
packageon,पैकेजों,पैकागें
packagon,पैकेजों,पैकागों
packajon,पैकेजों,पैकाजों
paim,पैम,पैम
pam,पैम,पाम
paratrooper,पैराट्रूपर,परात्रूप्र
peratrupers,पैराट्रूपर,पैरातृप्र्स
paranormal,पैरानॉर्मल,परणोर्मल
peranormal,पैरानॉर्मल,पैरानोर्मल
paraffin,पैराफिन,परफिन
parafin,पैराफिन,पराफिन
perafin,पैराफिन,पैराफिन
parabola,पैराबोला,पराबोला
perabola,पैराबोला,पैराबोला
polimer,पॉलिमर,पॉलिमर
polymer,पॉलिमर,पॉलिमर
polishing,पॉलिशिंग,पालिशिंग
pokar,पोकर,पोकर
poker,पोकर,पोकर
polish,पोलिश,पुलिश
poshit,पोषित,पोशित
posta,पोस्ता,पोस्ता
pau,पौ,पाऊं
pyade,प्यादे,प्यादे
prakriya,प्रक्रिया,प्रक्रिया
prakshepak,प्रक्षेपक,प्रक्षेपक
pratigya,प्रतिज्ञा,प्रतिज्ञ
prtigyaa,प्रतिज्ञा,प्रतिज्ञा
pratibhutiyan,प्रतिभूतियां,प्रतिभूतियां
pratiyon,प्रतियों,प्रतियों
prativaad,प्रतिवाद,प्रतिवाद
prativad,प्रतिवाद,प्रतिवाद
prativadi,प्रतिवादी,प्रतिवादी
pratishat,प्रतिशत,प्रतिष्ट
praneet,प्रनीत,प्राणीत
pranit,प्रनीत,प्राणित
prapaat,प्रपात,प्रपात
prapat,प्रपात,प्रपात
prapaaton,प्रपातों,प्रपातों
prapaton,प्रपातों,प्रपातों
prabodhini,प्रबोधिनी,प्रबोधिनी
prayaasrat,प्रयासरत,प्रयास्रत
prayasarat,प्रयासरत,प्रयासरत
pradarshan,प्रर्दशन,प्रदर्शन
prardashan,प्रर्दशन,प्रदृश्न
pravati,प्रवत्ति,प्रवती
pravatti,प्रवत्ति,प्रवट्ति
prashaasanik,प्रशासनिक,प्रशासनिक
prashasanik,प्रशासनिक,प्रशासनिक
prashasnik,प्रशासनिक,प्रशासनिक
prashaasanon,प्रशासनों,प्रशासनों
prashansanon,प्रशासनों,प्रशंसनों
prashasanon,प्रशासनों,प्रशासनों
prashikshu,प्रशिक्षु,प्रशिक्षु
prastaavon,प्रस्तावों,प्रस्तावों
prastavon,प्रस्तावों,प्रस्तवों
prahlaad,प्रहलाद,प्रहलाद
prahlad,प्रहलाद,प्रहलाद
prahasan,प्रहसन,प्रहसन
prahsan,प्रहसन,प्रस्न
prahaarak,प्रहारक,प्रहारक
praharak,प्रहारक,प्रहरक
prahad,प्रह्लाद,प्रहाड़
prahlad,प्रह्लाद,प्रहलाद
privacy,प्राइवेसी,प्राइवेसी
praakkathan,प्राक्कथन,प्राक्कथन
prakkathan,प्राक्कथन,प्रक्कथन
praan,प्राण,प्राण
pran,प्राण,प्रण
pranon,प्राणों,प्रणों
prathamik,प्राथमिक,प्रथमिक
prathmik,प्राथमिक,प्राथमिक
praathmikata,प्राथमिकता,प्राथमिकता
prathmikta,प्राथमिकता,प्राथमिकता
prathmiki,प्राथमिकी,प्राथमिकी
pradhyapakon,प्राध्यापकों,प्राध्यापकों
prapt,प्राप्त,प्राप्त
prapta,प्राप्त,प्राप्ता
prapti,प्राप्ती,प्राप्ति
praroop,प्रारूप,प्ररूप
prarup,प्रारूप,प्ररूप
priyamani,प्रियामणि,प्रियमानी
proof,प्रूफ,प्रूफ
pruf,प्रूफ,पृप
prekshakon,प्रेक्षकों,प्रेक्षकों
prem,प्रेम,प्रेम
premlata,प्रेमलता,प्रेमलता
prema,प्रेमा,प्रेमा
premi,प्रेमी,प्रीमी
profit,प्रॉफिट,प्रोफिट
processing,प्रॉसेसिंग,प्रोसेसिंग
programers,प्रोग्रामर्स,प्रोग्रामर्स
programmers,प्रोग्रामर्स,प्रोग्रामर्स
programs,प्रोग्रामर्स,प्रोग्राम्स
proto,प्रोटो,प्रोतो
propellant,प्रोपेलेंट,प्रोपल्लांट
propellent,प्रोपेलेंट,प्रोपल्लेंट
praudh,प्रौढ,प्रौढ़
proud,प्रौढ,प्रौड
plan,प्लेन,प्लैन
plane,प्लेन,प्लैन
fund,फंड,फंड
funda,फंडा,फंडा
funding,फंडिंग,फंडिंग
fandon,फंदों,फैंडों
fagua,फगुआ,फागुआ
fatane,फटने,फतने
phatane,फटने,फटने
phatne,फटने,फटने
fadfadata,फड़फड़ाता,फड़फड़ता
phadphadata,फड़फड़ाता,फड़फड़ा
fatehgadh,फतेहगढ़,फतेहगढ़
fatehgarh,फतेहगढ़,फतेहगढ़
fabti,फब्ती,फबती
phabti,फब्ती,फाब्बी
farse,फरसे,फर्स
pharase,फरसे,फरसे
pharse,फरसे,फर्स
farheen,फरहीन,फरहीन
farhin,फरहीन,फारहीन
farth,फर्थ,फर्थ
ferth,फर्थ,फर्थ
pharth,फर्थ,फार्थ
farmion,फर्मिऑन,फरमियन
fermion,फर्मिऑन,फर्मियन
firmian,फर्मिऑन,फर्मियां
farookhabad,फर्रुखाबाद,फरूखबड़
farrukhabad,फर्रुखाबाद,फरुखबाद
farukhabad,फर्रुखाबाद,फारुखबाद
farookhnagar,फर्रूखनगर,फरूखनगर
farrukhnagar,फर्रूखनगर,फरुखनगर
farukhnagar,फर्रूखनगर,फारुखनगर
falata,फलता,फलता
falta,फलता,फालता
phalata,फलता,फलता
falne,फलने,फालने
phalne,फलने,फलने
falitarth,फलितार्थ,फलितर्थ
phalitartha,फलितार्थ,फलितर्थ
falibhoot,फलीभूत,फलीभूत
falibhut,फलीभूत,फलीभूत
phalibhoot,फलीभूत,फलीभूत
favvara,फव्वारा,फ़ववारा
fawaara,फव्वारा,फवारा
favvare,फव्वारे,फ़ववेयर
fawaare,फव्वारे,फवारे
favvaron,फव्वारों,फ़ववरों
fawaaron,फव्वारों,फवारों
faisala,फ़ैसला,फ़ैसला
faisla,फ़ैसला,फ़ैसला
follow,फ़ॉलो,फॉलो
faansi,फांसी,फांसी
fansi,फांसी,फैंसी
fatama,फातमा,फतमा
fatma,फातमा,फतमा
faaf,फाफ,फाफ
phaaph,फाफ,फाफ
farsi,फारसी,फर्सी
forcee,फारसी,फ़ोर्सी
farm,फार्म,फ़ॉर्म
form,फार्म,फ़ॉर्म
farmic,फार्मिक,फारमीक
formic,फार्मिक,फॉर्मिक
formulae,फार्मूले,फ़्रमूलाई
formule,फार्मूले,फ़्रमूल
formuley,फार्मूले,फ़्रमूली
pharmacy,फार्मेसी,फरमासी
pharma,फार्मों,फर्मा
pharmon,फार्मों,फर्मों
farms,फार्म्स,फर्म्स
finger,फिंगर,फिंगर
fikra,फिक्र,फिक्र
physician,फिजिशियन,फिजिकियन
firti,फिरती,फर्टी
fisla,फिसला,फिस्ला
fislaa,फिसला,फिस्ला
feeder,फीडर,फीडर
fulaaye,फुलाए,फूलाए
fulae,फुलाए,फूलाई
fulay,फुलाए,फूलाए
furti,फूर्ति,फुर्ती
phurti,फूर्ति,फूर्ति
fus,फूस,फस
phoos,फूस,फूस
phus,फूस,फूज
feka,फेका,फेका
fefada,फेफड़ा,फेफड़ा
fefda,फेफड़ा,फेफडा
facial,फेशियल,फैसिल
fact,फैक्ट,फैक्ट
federal,फैडरल,फेडरल
failkar,फैलकर,फैलकर
failaaiye,फैलाइए,फैलाइए
failaea,फैलाइए,फैलाए
failaiya,फैलाइए,फैलाया
failaiye,फैलाइए,फैलाए
failegi,फैलेगी,फैलेगी
font,फॉन्ट,फ़ॉन्ट
fogat,फोगाट,फोगत
phogat,फोगाट,फोगत
fod,फोड़,फोड
phod,फोड़,फोड
foda,फोड़ा,फोडा
fodaa,फोड़ा,फोडा
phoda,फोड़ा,फोडा
fode,फोड़े,फोड
phode,फोड़े,फोड
fodo,फोड़ों,फोडो
fodon,फोड़ों,फोड़ों
phodo,फोड़ों,फोडो
fortis,फोर्टिस,फोर्टिस
fusion,फ्यूजन,फुशन
fuji,फ्यूजी,फूजी
fyuji,फ्यूजी,फ्यूजी
francisca,फ्रांसिस्का,फ्रेंसिस्का
franciska,फ्रांसिस्का,फ्रेंसिस्का
fransiska,फ्रांसिस्का,फ्रांसिस्का
francisco,फ्रांसिस्को,फ्रेंसिस्को
francisko,फ्रांसिस्को,फ्रेंसिक्को
fransisko,फ्रांसिस्को,फ्रांसिस्को
fringe,फ्रिंज,फ्रिंगे
friendship,फ्रेंडशिप,फ्रेंडशिप
frost,फ्रॉस्ट,फ्रोस्ट
flin,फ्लिन,फ्लाइन
flynn,फ्लिन,फ्लाइन
flesh,फ्लेश,फ्लैश
bang,बंग,बंग
bung,बंग,बंग
bangbandhu,बंगबंधु,बांगबंधु
bangbhang,बंगभंग,बांगभंग
bangash,बंगश,बंगाश
bangsh,बंगश,बैंगश
bantane,बंटने,बांटाने
bantne,बंटने,बांटने
bandhati,बंधती,बंधाती
bandhti,बंधती,बंधती
bandhan,बंधान,बंधन
bandhuon,बंधुओं,बंधुओं
bamba,बंबा,बमबा
mumba,बंबा,मुंबा
bakaayon,बकायों,बकायों
bakayon,बकायों,बकायों
bakaul,बकौल,बकौल
bakoul,बकौल,बकूल
baksa,बक्सा,बक्सा
baksi,बक्सी,बकसी
bakse,बक्से,बकसे
bakhshane,बख्शने,बख्शने
bakhshne,बख्शने,बख्शने
bagad,बगड़,बागड़
bagd,बगड़,बागड
bageechi,बगीची,बगीची
bagichi,बगीची,बगीची
bachat,बचत,बचात
bachati,बचती,बचाती
bachti,बचती,बचती
bajana,बजना,बजना
bajrangi,बजरंगी,बजरंगी
bajaj,बजाज,बजज
batalvi,बटालवी,बतलवी
badhachadhakar,बढ़ाचढ़ाकर,बढ़चाधकर
badata,बढ़ाता,बदता
badhaataa,बढ़ाता,बढ़ाता
badhata,बढ़ाता,बढ़ता
badhaati,बढ़ाती,बढ़ाती
badhati,बढ़ाती,बढ़ती
badhayi,बढ़ायी,बाधाई
badhav,बढ़ाव,बाधव
badhotari,बढ़ोतरी,बढ़तरी
badhotri,बढ़ोतरी,बढ़त्री
batlaae,बतलाए,बतलाए
batlaaye,बतलाए,बतलाए
batlae,बतलाए,बतलाई
batlaye,बतलाए,बतलाए
batlaakar,बतलाकर,बतलाकर
batlakar,बतलाकर,बतलाकर
badlapur,बदलापुर,बदलापुर
badali,बदली,बदली
badli,बदली,बदली
badam,बदाम,बादाम
banva,बनवा,बनवा
banvaa,बनवा,बनवा
banaam,बनाम,बनाम
banam,बनाम,बनाम
bnaam,बनाम,बनाम
baniya,बनिया,बनिया
banu,बनू,बाणु
barpaayaa,बरपाया,बर्पाया
barpaya,बरपाया,बर्पाया
barsa,बरसा,बरसा
barsaata,बरसाता,बरसाता
barsaataa,बरसाता,बरसाता
barsata,बरसाता,बरसता
barhad,बरहद,बारहड
baraat,बरात,बरात
barat,बरात,बारात
braat,बरात,भ्रात
baraamad,बरामद,बरामद
baramad,बरामद,बासमद
bramad,बरामद,भ्रमद
baramade,बरामदे,बरामदे
baramde,बरामदे,बरामदे
bare,बरे,बारे
birth,बर्थ,बर्थ
baljeet,बलजीत,बल्जीत
baljit,बलजीत,बल्जीत
ballabh,बल्लभ,बल्लभ
balla,बल्ला,बल्ला
balli,बल्ली,बल्ली
basava,बसावा,बसव
bastiyon,बस्तियों,बस्तियों
bahroopiya,बहरूपिया,बहरूपिय
bahrupiya,बहरूपिया,बहरपिय
bahamaas,बहामास,बहमास
bahamas,बहामास,बहमस
bahaav,बहाव,बहाव
bahav,बहाव,बहव
bhav,बहाव,भाव
bahavalpur,बहावलपुर,बहवलपुर
bahawalpur,बहावलपुर,बहवालपुर
bahuchara,बहुचरा,बहुचरा
banthia,बांठिया,बांठिय
banthiya,बांठिया,बांठिय
bandhate,बांधते,बंधाते
bandhte,बांधते,बंधते
banbi,बांबी,बांबी
bombi,बांबी,बम्मी
bounceron,बाउंसरों,बौंसरों
bowling,बाउलिंग,बोलिंग
baku,बाकू,बाकु
bakuu,बाकू,बाकू
baag,बाग,बाग
bag,बाग,बग
bagh,बाग,बाघ
bagabani,बागबानी,बागाबानी
bagbani,बागबानी,बग्बनी
bagali,बागली,बगली
bagli,बागली,बगली
baagiyon,बागियों,बागियों
bagiyon,बागियों,बागियों
baago,बागो,बागो
bago,बागो,बगो
baji,बाज़ी,बाजी
bazi,बाज़ी,बाजी
bajaru,बाजारू,बजारू
bazaru,बाजारू,बजारू
bajuon,बाजुओं,बाजुओं
badh,बाध,बाढ़
badha,बाधा,बाधा
baadhaaon,बाधाओं,बाधाओं
baadhaon,बाधाओं,बाधाओं
badhaaon,बाधाओं,बाधाओं
badhaon,बाधाओं,बाधाओं
baadhit,बाधित,बाधित
badhit,बाधित,बाधित
baani,बानी,बानी
bani,बानी,बनी
baapa,बापा,बापा
baapaa,बापा,बापा
bapa,बापा,बापा
bapaa,बापा,बापा
baabat,बाबत,बाबत
babat,बाबत,बाबत
babt,बाबत,बाब्ट
bayern,बायर्न,बायर्न
byrun,बायर्न,बारून
barah,बारह,बारह
baarahamaasee,बारहमासी,बारहमासी
barahamasi,बारहमासी,बारह्मासी
barahmasi,बारहमासी,बारह्मसी
barahsinga,बारहसिंगा,बारहसिंगा
barasingha,बारहसिंगा,बारसिंघ्
bala,बाला,बाला
baalti,बाल्टी,बालती
balti,बाल्टी,बालती
balty,बाल्टी,बाल्टी
baldvin,बाल्डविन,बालद्विन
baldwin,बाल्डविन,बालद्विन
bavaji,बावजी,बावाजी
bavji,बावजी,बावजी
baawaraa,बावरा,बावरा
bavra,बावरा,बावरा
bawara,बावरा,बावरा
baahulya,बाहुल्य,बाहुल्य
bahuly,बाहुल्य,बहुल्य
bahulya,बाहुल्य,बहुल्य
box,बाॅक्स,बॉक्स
bikherati,बिखेरती,बिखेरती
bikherti,बिखेरती,बिखेरती
biggest,बिगेस्ट,बिग्सेस्ट
bichhua,बिछुआ,बिच्छु
bichhuaa,बिछुआ,बिच्छा
biji,बिजी,बीजी
busy,बिजी,बसी
buzy,बिजी,बुजी
bipin,बिपिन,बिपिन
bilae,बिलाई,बिलाए
bilai,बिलाई,बिलाई
billa,बिल्ला,बिल्ला
billaa,बिल्ला,बिल्ला
bilhaur,बिल्हौर,बिलहौर
bisva,बिस्वा,बिस्वा
biswa,बिस्वा,बिस्वा
bag,बीएजी,बग
bikaner,बीकानेर,बिकनेर
bikaneri,बीकानेरी,बिकनेरी
bk,बीके,बीके
beejak,बीजक,बीजक
bijak,बीजक,बिजाक
beef,बीफ,बीफ
beem,बीम,बीम
bim,बीम,बीम
beemon,बीमों,बीमोन
bimon,बीमों,बाइमन
beerganj,बीरगंज,बीरगंज
birganj,बीरगंज,बर्गंज
beesavaan,बीसवां,बीसवान
bisavan,बीसवां,बीसवन
bisawan,बीसवां,बीसवन
beast,बीस्ट,बीअस्ट
budvig,बुडविग,बुदविग
budwig,बुडविग,बुडविग
bull,बुल,बुल
bulaao,बुलाओ,बुलाओ
bulao,बुलाओ,बुलाओ
bule,बुले,बुले
bulletin,बुलेटिन,बुलेटिन
brijesh,बृजेश,बृजेश
benvar,बेंवर,बेनवर
benwar,बेंवर,बेनवर
beaulad,बेऔलाद,बेउलाद
bekaaboo,बेकाबू,बेकाबू
bekabu,बेकाबू,बेकाबू
bechakar,बेचकर,बेचकर
bechkar,बेचकर,बेचकर
bechate,बेचते,बेचते
bechte,बेचते,बेचते
bediyan,बेड़ियां,बेडियां
bethanal,बेथनल,बेतानल
bethnal,बेथनल,बेथनाल
benis,बेनिस,बेनिस
belacha,बेलचा,बेलचा
belcha,बेलचा,बेलचा
belinda,बेलिंडा,बेलिंदा
bevkufana,बेवकूफाना,बेवकूफना
bewakoofaanaa,बेवकूफाना,बेवकूफाना
bewkufana,बेवकूफाना,बेवकूफना
besahaaraa,बेसहारा,बेसहारा
besahara,बेसहारा,बेसहरा
basin,बेसिन,बसीन
besin,बेसिन,बेसिन
basil,बेसिल,बेसिल
besil,बेसिल,बेसिल
bandage,बैंडेज,बंदगे
bandej,बैंडेज,बंदेज
baithantey,बैठते,बैठंटे
baithate,बैठते,बैठते
baitool,बैतूल,बैटूल
baitul,बैतूल,बैटल
betul,बैतूल,बेतुल
baini,बैनी,बैनी
beni,बैनी,बेनी
bairakpur,बैरकपुर,बैरकपुर
barrackpore,बैरकपुर,बैराक्पोर
baila,बैला,बैला
bella,बैला,बेला
ballistic,बैलिस्टिक,बॉलिस्टिक
bells,बैल्स,बेल्स
bostan,बॉस्टन,बोस्टन
bosten,बॉस्टन,बोस्टन
boston,बॉस्टन,बोस्टों
bokaro,बोकारो,बोकरो
bodara,बोदरा,बोडरा
bodra,बोदरा,बोद्रा
bodraa,बोदरा,बोदरा
bona,बोना,बोना
borkar,बोरकर,बोरकर
borivali,बोरीवली,बोरिवाली
boriwali,बोरीवली,बोरिवाली
born,बोर्न,बॉर्न
bolane,बोलने,बोलाने
boliae,बोलिए,बोलिया
boliy,बोलिए,बोली
boliye,बोलिए,बोली
bosaan,बोसान,बोसान
bosan,बोसान,बोसन
bauni,बौनी,बौनी
bouni,बौनी,बौनी
byaawa,ब्यावर,ब्याव
byavar,ब्यावर,ब्यावर
brajesh,ब्रजेश,ब्रजेश
brijesh,ब्रजेश,बृजेश
brahmalin,ब्रह्मलीन,ब्रह्मलीन
brahmleen,ब्रह्मलीन,ब्रह्मलीन
brahmlin,ब्रह्मलीन,ब्रह्मलीन
bravo,ब्रावो,ब्रेवो
brigatn,ब्रिगटन,ब्रिगेटन
brighton,ब्रिगटन,ब्रिघटन
brigton,ब्रिगटन,ब्रिग्टन
brigadier,ब्रिगेडियर,ब्रिगागीयर
britain,ब्रिटेन,ब्रिताइन
breed,ब्रीद,ब्रीड
brock,ब्रोक,ब्रॉक
brok,ब्रोक,ब्रॉक
broke,ब्रोक,ब्रोक
brocken,ब्रोकन,ब्रॉकेन
broken,ब्रोकन,ब्रोकेन
blosam,ब्लॉसम,ब्लोसम
blossom,ब्लॉसम,ब्लॉसोम
bhagaane,भगाने,भगाने
bhagane,भगाने,भागने
bhadakaaya,भड़काया,भड़काया
bhadakaya,भड़काया,भड़काया
bhadkaayaa,भड़काया,भड़काया
bhadkaya,भड़काया,भड़काया
bharakaaya,भड़काया,भारकाया
bharakaya,भड़काया,भारकाया
bhabhoot,भभूत,भभूत
bhabhut,भभूत,भभूत
bhay,भय,भय
bhaya,भय,भया
bhayo,भयो,भयो
bharatanatyam,भरतनाट्यम्,भारतनाट्यम
bharatnatyam,भरतनाट्यम्,भारतनाट्यम
bhartnatyam,भरतनाट्यम्,भर्तनात्यम
bharate,भरते,भारते
bharte,भरते,भारते
bharani,भरनी,भरणी
bharni,भरनी,भरणी
bharane,भरने,भरने
bharne,भरने,भरने
bhara,भरा,भारा
bhavishya,भविष्य,भविष्य
bhaate,भाते,भाते
bhate,भाते,भाटे
bhanu,भानू,भानु
bhabar,भाबर,भाबर
bhareeye,भारीय,भरीये
bhariy,भारीय,भारिय
bhavanaon,भावनाओं,भावनाओं
bhavnaon,भावनाओं,भावनाओं
bhaskar,भास्कर,भास्कर
bheed,भीड़,भीड
bheera,भीरा,भीरा
bhira,भीरा,भीरा
bheesham,भीष्म,भीषम
bhisham,भीष्म,भिष्म
bhishm,भीष्म,भिष्म
bhugat,भुगत,भूगत
bhugata,भुगता,भूगता
bhugta,भुगता,भुगता
bhutto,भुट्टो,भूट्टो
bhumi,भुमि,भूमि
bhurbhura,भुरभुरा,भुरभुरा
bhookh,भूख,भूख
bhukh,भूख,भूख
bhookhi,भूखी,भूखी
bhukhi,भूखी,भूखी
bhoogol,भूगोल,भूगोल
bhugol,भूगोल,भूगोल
bhootal,भूतल,भूताल
bhutal,भूतल,भूताल
bhoopsingh,भूपसिंह,भूपसिंह
bhupsingh,भूपसिंह,भूपसिंह
bhumi,भूमी,भूमि
bhumika,भूमी,भूमिका
bhulata,भूलता,भुलाता
bhulataa,भूलता,भुलता
bhulta,भूलता,भूलता
bhula,भूला,भूला
bhulaa,भूला,भुला
bhooli,भूली,भूली
bhuli,भूली,भुलि
bhulo,भूलो,भुलो
bhulon,भूलों,भुलों
bhusi,भूसी,भूसी
bhooswaami,भूस्वामी,भूस्वामी
bhusvami,भूस्वामी,भूस्वामी
bhuswami,भूस्वामी,भूस्वामी
bhengapan,भेंगापन,भेंगापन
bhairavnath,भैरवनाथ,भैरवनाथ
bhairo,भैरो,भैरो
bhogatey,भोगते,भोगते
bhogte,भोगते,भोगते
bhola,भोला,भोला
bholi,भोली,भोली
bholu,भोलू,भोलू
bhaunho,भौंहों,भौन्हो
bhaunhon,भौंहों,भौनहों
bhoonhon,भौंहों,भूनहों
bhraant,भ्रांत,भ्रांत
bhrant,भ्रांत,भ्रंत
brant,भ्रांत,ब्रंट
bhraanti,भ्रांति,भ्रांती
bhranti,भ्रांति,भ्रंती
branti,भ्रांति,ब्रंटी
bhraantiyan,भ्रांतियां,भ्रांतियां
bhrantiyan,भ्रांतियां,भ्रंतियां
bhraantiyon,भ्रांतियों,भ्रांतियों
bhrantiyon,भ्रांतियों,भ्रंतियों
mangesh,मंगेश,मंगेश
manch,मंच,मांच
manchit,मंचित,मंचित
mancheeye,मंचीय,मंचीय
manchiy,मंचीय,मंचीय
manchiya,मंचीय,मानचिया
manchon,मंचों,मानचों
manjil,मंजिल,मंजिल
manzil,मंजिल,मांजिल
manjila,मंजिला,मंजिला
manzila,मंजिला,मंजिला
manjilein,मंजिलें,मंजिलें
manjilen,मंजिलें,मंजिलें
manzilein,मंजिलें,मंजिलें
manto,मंटो,मानतो
mantriyon,मंत्रियों,मंत्रियों
makrani,मकरानी,मकरानी
maksad,मक्सद,मकसद
makhdumpur,मखदुमपुर,मखडूमपुर
machaaye,मचाए,मचाए
machae,मचाए,मचाई
machaye,मचाए,मचाए
machaanon,मचानों,मचानों
machanno,मचानों,मचानों
machano,मचानों,मचानो
machanon,मचानों,मचानों
madaura,मढ़ौरा,मदौरा
madhuara,मढ़ौरा,मधुरा
madhura,मढ़ौरा,मधुरा
manipal,मणिपाल,मनिपाल
matpatron,मतपत्रों,मात्पत्रों
matthe,मत्थे,मत्ठे
matsyavatar,मत्स्यावतार,मत्स्यावतर
matsyavtar,मत्स्यावतार,मत्स्यावतर
masyendranath,मत्स्येंद्रनाथ,मस्येंद्रनाथ
matsyendranath,मत्स्येंद्रनाथ,मत्स्येंद्रनाथ
madhupur,मधुपुर,मधुपुर
manmarji,मनमर्जी,मनमार्जी
manae,मनाए,मनाई
manaye,मनाए,मनाये
mnaey,मनाए,मनाइय
mam,मम,माम
mum,मम,मूम
maryokar,मयोर्का,मर्योकर
mayorka,मयोर्का,मेयरका
mayorkaa,मयोर्का,मेयरका
mardaani,मरदानी,मर्दानी
mardani,मरदानी,मर्दानी
marmar,मरमर,मर्मर
murmur,मरमर,मुरमुर
maratha,मराठा,मराठा
marathi,मराठी,मराठी
marji,मर्जी,मार्जी
mardanagi,मर्दानगी,मर्दानेगी
mardangi,मर्दानगी,मर्दंगी
mardo,मर्दों,मरदो
mardon,मर्दों,मारदों
maryaadaa,मर्यादा,मर्याडा
maryada,मर्यादा,मर्यदा
maryaadaaon,मर्यादाओं,मर्यादाओं
maryadaon,मर्यादाओं,मर्यदाओं
malaga,मलागा,मालागा
malaar,मलार,मलार
malar,मलार,मालर
mashrak,मशरक,मशरक
masaaledaar,मसालेदार,मसालेदार
masaledaar,मसालेदार,मसालेदार
masaledar,मसालेदार,मसालेडार
masoor,मसूर,मसूर
masur,मसूर,मसूर
masse,मस्से,मेसे
mahakane,महकने,महाकाने
mahakne,महकने,महाकने
mahkane,महकने,महकाने
mehkane,महकने,मेहकाने
mahalon,महलों,महालों
mahlon,महलों,महलों
mahagranth,महाग्रंथ,महाग्रंथ
mhagranth,महाग्रंथ,महाग्रंठ
mahajan,महाजन,महाजन
mhajan,महाजन,महाजन
mahathir,महाथिर,महातिर
mhathir,महाथिर,महाठिर
mahanatam,महानतम,महानतम
mahantam,महानतम,महंतम
mhantam,महानतम,महांतम
mahanideshak,महानिदेशक,महानीदेशक
mahanirdeshak,महानिदेशक,महानिर्देशक
mhanideshak,महानिदेशक,महानाइशेक
mahapauron,महापौरों,महापौरों
mhapauron,महापौरों,महापौरों
mahapran,महाप्राण,महाप्रण
mhapran,महाप्राण,महापरण
mahamantr,महामंत्र,महामंत्र
mahamantra,महामंत्र,महामंत्र
mhamantra,महामंत्र,महामंत्र
maharaja,महाराजा,महाराजा
mahavigyan,महाविज्ञान,महाविज्ञान
mhavidyan,महाविज्ञान,महाविद्यान
mahavidya,महाविद्या,महाविधा
mhavidya,महाविद्या,महाविद्या
mahavishnu,महाविष्णु,महाविश्णुण
mahasingh,महासिंह,महासिंह
mahasinh,महासिंह,महासिंह
mahipal,महिपाल,महिपाल
mahin,महीन,माहिन
mahinon,महीनों,माहिनों
maang,मांग,मांग
mang,मांग,मंग
mangani,मांगनी,मंगानी
mangni,मांगनी,मांगनी
maanga,मांगा,मांगा
manga,मांगा,मंगा
maangi,मांगी,मांगी
mangi,मांगी,मंगी
maange,मांगे,मांगे
mange,मांगे,मागें
mango,मांगो,मंगों
maori,माओरी,मारी
maajin,माजिन,माजिन
majin,माजिन,मजीन
mathe,माथे,मठे
mathey,माथे,मैथे
maap,माप,माप
map,माप,मैप
mop,माप,मोप
mamooli,मामूली,ममूली
mamuli,मामूली,मामूली
mame,मामे,माम
maarvaad,मारवाड़,मारवाद
marvad,मारवाड़,मारवाद
marwar,मारवाड़,मारवार
maariya,मारिया,मारिया
mariya,मारिया,मरिया
maariyo,मारियो,मारियो
mario,मारियो,मारिओ
mariyo,मारियो,मारियो
martha,मार्था,मार्थ
maalish,मालिश,मालिश
malish,मालिश,मालिश
mave,मावे,मावे
mavey,मावे,मवे
maas,मास,मांस
mas,मास,मस
mass,मास,मास
maason,मासों,माजों
mason,मासों,मसों
mitaao,मिटाओ,मिटाओ
mitao,मिटाओ,मिटाओ
mithaai,मिठाई,मिठाई
mithai,मिठाई,मिथाई
media,मिडिया,मेडिया
mithila,मिथिला,मिथिला
mithilanchal,मिथिलांचल,मिथिलेंचल
mithya,मिथ्या,मीठ्या
mimicry,मिमिक्री,मिमिक्री
milkiyat,मिल्कियत,मिलकियत
misha,मिशा,मिशा
mungeri,मुंगेरी,मूंगेरी
mundva,मुंडवा,मूंडवा
mundwa,मुंडवा,मूंडवा
munshiganj,मुंशीगंज,मुंशिगंज
mukarte,मुकरते,मुकरते
mukartey,मुकरते,मुकरते
mukhopadhyaya,मुखोपाध्याय,मुखोपाध्याय
mukhyopadhyaay,मुखोपाध्याय,मुख्यूपाध्याय
mukhyamantri,मुख्यमंत्री,मुख्यमंत्री
munaf,मुनाफ,मुनफ
munafa,मुनाफा,मुनफा
munnu,मुन्नू,मुन्नु
mufalisi,मुफलिसी,मुफलिसी
muflisi,मुफलिसी,मफलिसी
mubarakpur,मुबारकपुर,मुबारकपुर
mubarkpur,मुबारकपुर,मुबारकपुर
murjha,मुर्झा,मुरझा
multae,मुल्ताई,मुलताए
multai,मुल्ताई,मुलताई
mushahid,मुशाहिद,मुशहिद
muhavare,मुहावरे,मुहावरे
muhavre,मुहावरे,मुहावरे
mooth,मूठ,मूथ
muth,मूठ,मूठ
mood,मूड,मूद
mud,मूड,मुड़
moodi,मूडी,मूडी
moody,मूडी,मूद्य
mool,मूल,मूल
mul,मूल,मूल
moolchand,मूलचंद,मूलचंद
mulchand,मूलचंद,मूलचंद
moolar,मूलर,मूलर
mular,मूलर,मूलार
muller,मूलर,म्यूलर
moolon,मूलों,मूलों
mulon,मूलों,मूलों
maxico,मेक्सिको,मैक्सिको
mexico,मेक्सिको,मैक्सिको
mega,मेगा,मेगा
megapixal,मेगापिक्सल,मेगापिक्सल
megapixel,मेगापिक्सल,मेगापिक्सल
mejbaan,मेजबान,मेजबान
mejban,मेजबान,मेजबन
mezbaan,मेजबान,मेजबान
mejabani,मेजबानी,मेजाबनी
mejbaani,मेजबानी,मेजबानी
mejbani,मेजबानी,मेजबानी
mezabani,मेजबानी,मेजाबनी
mejbaan,मेज़बान,मेजबान
mejban,मेज़बान,मेजबन
mezbaan,मेज़बान,मेजबान
mejbaani,मेज़बानी,मेजबानी
mejbani,मेज़बानी,मेजबानी
mezbaani,मेज़बानी,मेजबानी
mate,मेट,मैट
met,मेट,मीट
mates,मेट्स,मैट्स
medical,मेडीकल,मेडिकल
methanol,मेथेनॉल,मेथनॉल
menu,मेनू,मेनू
mem,मेम,मेम
melaghaat,मेलघाट,मेलाघाट
melghat,मेलघाट,मेलघट
melaanin,मेलानिन,मेलानिन
melanin,मेलानिन,मेलेनि
melaani,मेलानी,मेलानी
melani,मेलानी,मेलेनी
maheman,मेहमान,महमान
mehamaan,मेहमान,मेहमान
mehaman,मेहमान,मेहमन
mehmaan,मेहमान,मेहमान
mehman,मेहमान,मेहमान
meharaam,मेहराम,मेहराम
mehram,मेहराम,मेहराम
macbook,मैकबुक,मैकबुक
matix,मैट्रिक्स,मैटिक्स
matrix,मैट्रिक्स,मेट्रिक्स
mad,मैड,माद
made,मैड,मेड
maid,मैड,मैद
maddy,मैडी,मद्डी
maidi,मैडी,मैदी
main,मैन,मैन
man,मैन,मन
men,मैन,मेन
mainan,मैनन,मैनन
menon,मैनन,मेनों
manner,मैनर,मैनर
maina,मैना,मैना
maine,मैने,मैने
marrej,मैरेज,मैरेज
marriage,मैरेज,मैरिज
merraige,मैरेज,मेरेज
maisachusets,मैसाचुसेट्स,मैसचुसेट्स
massachusetts,मैसाचुसेट्स,मेसाचुसेट्स
maisor,मैसोर,मैसर
maisore,मैसोर,मैसर
mysore,मैसोर,मैसूर
mod,मॉड,मोड़
mode,मॉड,मॉड़
modern,मॉडर्न,मोडरन
module,मॉड्यूल,मोडुले
modules,मॉड्यूल्स,मोडुल्स
modyuls,मॉड्यूल्स,मोद्युल्स
mauritious,मॉरिशस,मॉरीशस
mauritius,मॉरिशस,मॉरीशस
mogali,मोगली,मोगली
mowgli,मोगली,मोवगी
motive,मोटिव,मोटिव
mol,मोल,मॉल
mold,मोल्ड,मोल्ड
moshe,मोशे,मोशे
mosad,मोसाद,मोसद
mohana,मोहाना,मोहना
mohani,मोहानी,मोहनी
mohini,मोहिनी,मोहिनी
mohim,मोहिम,मोहिम
maukon,मौकों,मौकों
mauma,मौमा,मौमा
maurya,मौर्या,मौर्य
morya,मौर्या,मोरया
maurya,मौर्यों,मौर्य
mauryon,मौर्यों,मौर्यों
moryon,मौर्यों,मोर्यों
maulaviyon,मौलवियों,मौलवियों
maulvidon,मौलवियों,मौलविदों
maulviyon,मौलवियों,मौलवियों
maule,मौले,मॉले
mauley,मौले,मॉले
mausa,मौसा,मौसा
yatn,यत्न,यात्न
yatna,यत्न,यातना
yada,यदा,यादा
yda,यदा,याडा
yaduvansh,यदुवंश,यदुवंश
yaduwansh,यदुवंश,यदुवंश
jerusalem,यरूशलेम,जेरूसलम
yarooshaleim,यरूशलेम,यारूशलीम
yarushalem,यरूशलेम,यरूशलम
yashpaal,यशपाल,यश्पाल
yashpal,यशपाल,यश्पाल
yaatna,यातना,यातन
yatna,यातना,यातना
yaatanaon,यातनाओं,यातनाओं
yatnaon,यातनाओं,यातनाओं
yarayan,यात्राएं,यारायन
yatraein,यात्राएं,यात्राएं
yatraen,यात्राएं,यात्राएं
yaariyan,यारियां,यारियां
yariyan,यारियां,यारियां
yaari,यारी,यारी
yari,यारी,यारी
yugam,युग्म,युगाम
yugm,युग्म,युग्म
yuddhrat,युद्धरत,युद्धारत
yudhrat,युद्धरत,युद्धरत
ukrainian,यूक्रेनियन,यूक्रेनियों
ukranian,यूक्रेनियन,यूक्रानियान
jerusalem,येरुशलम,जेरूसलम
yorker,यॉर्कर,यॉर्कर
yojanaein,योजनाएं,योजनाएं
yojanaen,योजनाएं,योजनाएं
yojanaye,योजनाएं,योजनाए
rangate,रंगते,रंगते
rangte,रंगते,रंगटे
rangkata,रंजकता,रंगकता
ranjkatha,रंजकता,रणजकथा
ranjkta,रंजकता,रणजकता
raees,रईस,राईस
rais,रईस,रायस
raktaabh,रक्ताभ,रक्ताभ
raktabh,रक्ताभ,रक्तभ
rakhna,रखना,रखना
raghupati,रघुपति,रघुपति
raghuram,रघुराम,रघुराम
registerd,रजिस्टर्ड,रजिस्टर्ड
registered,रजिस्टर्ड,रजिस्टर्ड
ratanpur,रतनपुर,रत्नपुर
runners,रनर्स,रनर्स
rayan,रयान,रायन
ryan,रयान,रायान
ralhan,रल्हन,रल्हण
ravish,रविश,रविष
ravael,रवैल,रवैल
ravel,रवैल,रावल
rawail,रवैल,रवैल
rasad,रसद,रसड
rasaayanik,रसायनिक,रसायनिक
rasaayanika,रसायनिक,रसायनीका
rasayanika,रसायनिक,रसायनिका
rasyanik,रसायनिक,रास्यानिक
rasaayanon,रसायनों,रसायनों
rasayanon,रसायनों,रसायनों
rahamat,रहमत,रहमत
rahmat,रहमत,रहमत
rhamat,रहमत,रहमत
rahenge,रहेंगे,रहेंगे
rahegi,रहेगी,रहेगी
rounder,राउंडर,राउंडर
raak,राक,राक
rak,राक,रक
raakhe,राखे,राखे
rakhe,राखे,रखे
raagon,रागों,रागों
ragon,रागों,रागों
raghavan,राघवन,रघावान
raaj,राज,राज़
raj,राज,रज
rajkot,राजकोट,राजकोट
rajtantra,राजतंत्र,राजतंत्र
raajneetikaran,राजनीतीकरण,राजनीतिकरण
rajneetikaran,राजनीतीकरण,राजनीतिकरण
rajnitikaran,राजनीतीकरण,राजनीतिकरण
rajma,राजमां,राजमा
rajman,राजमां,राजमान
raajasva,राजस्व,राजस्व
rajasva,राजस्व,रजस्व
raaji,राजी,राजी
raji,राजी,राजी
rajinaama,राजीनामा,राजिनामा
rajinama,राजीनामा,राजिनामा
raajon,राजों,राजों
rajon,राजों,राजों
rana,राणा,राना
raatrichar,रात्रिचर,रात्रिचर
ratrichar,रात्रिचर,रत्रिचर
raadhe,राधे,राढे
radhe,राधे,राढे
ranapur,रानापुर,रानापुर
rabin,राबिन,राबिन
robin,राबिन,रॉबिन
rabha,राभा,रभा
ramkot,रामकोट,रामकोट
ramkote,रामकोट,रामकोटे
ramtek,रामटेक,रामतेक
rampur,रामपुर,रामपुर
rambharose,रामभरोसे,रंभारोस
rambharosey,रामभरोसे,रामभरोसे
ramraj,रामराज,रामराज
raalod,रालोद,रालोद
ralaud,रालोद,रालौद
ralod,रालोद,रालोद
ravaley,रावले,रावले
ravle,रावले,रावले
rasayanik,रासायनिक,रासायनिक
racreation,रिक्रिएशन,रेक्रिएशन
recreation,रिक्रिएशन,रेक्रिएशन
rig,रिग,रिग
riggs,रिग्स,रिग्स
rigs,रिग्स,रिग्स
richual,रिचुअल,रिचुल
ritual,रिचुअल,रितुअल
reduction,रिडक्शन,रेडक्शन
ripan,रिपन,रिपन
ripon,रिपन,रिपों
ria,रिया,रिया
riya,रिया,रिया
rishte,रिश्ते,रिश्टे
rishtey,रिश्ते,रिश्ते
risane,रिसने,रिसने
risaney,रिसने,रिसने
risne,रिसने,ऋण्ने
rihana,रिहाना,रिहना
rihanna,रिहाना,रिहना
regal,रीगल,रिगल
rigal,रीगल,रिगल
reasonal,रीजनल,रिजनाल
regional,रीजनल,रजिनल
retreate,रीट्वीट,रेट्रेट
retweet,रीट्वीट,रितवीट
reeta,रीता,रीता
rita,रीता,रिता
rukate,रुकते,रुकते
rukte,रुकते,रुकते
ruktey,रुकते,रुकते
rugan,रुग्ण,ऋग्ण
rugna,रुग्ण,रूग्ण
ruganta,रुग्णता,ऋगंता
rugnata,रुग्णता,ऋग्णता
rojvelt,रुजवेल्ट,रोजवेल्ट
roojwelt,रुजवेल्ट,रूजवेल्ट
roosevelt,रुजवेल्ट,रूजवेल्ट
rodolph,रुडोल्फ,रोडोल्फ
rudolf,रुडोल्फ,रूडोल्फ
rudolph,रुडोल्फ,रूडोल्फ
roopesh,रुपेश,रूपेश
rupesh,रुपेश,रुपेश
ruby,रुबी,रूबी
roomani,रुमानी,रूमानी
rumani,रुमानी,रूमानी
rukavaton,रूकावटों,रुकावटों
root,रूट,रुट
route,रूट,रुट
rooting,रूटिंग,रूटिंग
routine,रूटिंग,राउटिन
routing,रूटिंग,रुटिंग
roots,रूट्स,रूट्स
routes,रूट्स,रुट्स
roopak,रूपक,रूपक
rupak,रूपक,रूपक
roopi,रूपी,रूपी
rupi,रूपी,रुपी
rantle,रेंटल,रंटल
rental,रेंटल,रेंटल
registan,रेगिस्तान,रजिस्टेन
registani,रेगिस्तानी,रजिस्टेनी
reja,रेजा,रेजा
reza,रेजा,रेजा
rate,रेट,रैट
rate,रेत,रैट
ret,रेत,रेत
refaeli,रेफेली,रिफेली
refeli,रेफेली,रेफेली
reshe,रेशे,रेशे
reshey,रेशे,रेशे
race,रेस,रेस
rese,रेस,रिसे
racer,रेसर,रेसर
recer,रेसर,रेसर
racing,रेसिंग,रेसिंग
reson,रेसों,रेजन
rehaana,रेहाना,रेहाना
rehana,रेहाना,रेहना
racketeer,रैकेटियर,रैकेटियर
racketier,रैकेटियर,रैकेशियर
rectare,रैकेटियर,रेक्टार
radical,रैडिकल,रेडिकल
raidical,रैडिकल,रैडिकल
raith,रैथ,रैठ
rapping,रैपिंग,रैपिंग
wrapping,रैपिंग,रैपिंग
robertsan,रॉबर्टसन,रॉबर्टन
robertson,रॉबर्टसन,रॉबर्ट्सन
robinson,रॉबिंसन,रॉबिंसन
royals,रॉयल्स,रोल्स
rojlin,रोजलिन,रोजिन
rozlyn,रोजलिन,रोज़िन
rotation,रोटेशन,रोटेशन
rodrigo,रोड्रिगो,रोडरीगो
ronaldo,रोनाल्डो,रौनाल्डो
ronit,रोनित,रोनित
roni,रोनी,रोनी
ropane,रोपने,रोपने
ropaney,रोपने,रोपने
ropne,रोपने,रोपने
robin,रोबिन,रॉबिन
roya,रोया,रोया
rollers,रोलर्स,रोलर्स
rovan,रोवन,रोणन
rowan,रोवन,रोणन
rosario,रोसारियो,रोसरियो
rosariyo,रोसारियो,रोसरियो
raubadaar,रौबदार,रौबदार
raubadar,रौबदार,रौबदार
raubdar,रौबदार,रौबदार
landara,लंगड़ा,लंदरा
langada,लंगड़ा,लंगदा
langda,लंगड़ा,लांगड़ा
langar,लंगर,लंगर
langaron,लंगरों,लंगरों
langron,लंगरों,लंगरों
lambi,लंबी,लंबी
lakeer,लकीर,लकीर
lakir,लकीर,लाकिर
lakiron,लकीरों,लकीरों
lakme,लक्मे,लक्मे
lakshmidhar,लक्ष्मीधर,लक्ष्मीघर
lakshmighar,लक्ष्मीधर,लक्ष्मीघर
lakshy,लक्ष्य,लक्ष्य
lakshya,लक्ष्य,लक्ष्य
lakshyon,लक्ष्यों,लक्ष्यों
lux,लक्स,एल्यू
laksar,लक्सर,लक्सर
luxor,लक्सर,एक्सर
lakhkhi,लख्खी,लखखी
lagna,लगना,लगना
laganewale,लगनेवाले,लगनेवाले
lagnevaaley,लगनेवाले,लगनेवाले
lagnewale,लगनेवाले,लगनेवाले
lagega,लगेगा,लगेगा
lajjalu,लज्जालु,लज्जलू
latkate,लटकाते,लटकते
ladki,लड़की,लड़की
ladate,लड़ते,लड़ते
ladte,लड़ते,लड़ते
ladaai,लड़ाई,लड़ायी
ladai,लड़ाई,लड़ाई
ladaaiyon,लड़ाईयों,लड़ाइयों
ladaeyon,लड़ाईयों,लादाएयों
ladaiyon,लड़ाईयों,लड़ाइयों
lapetane,लपेटने,लपेटने
lapetne,लपेटने,लपेटन
labada,लबादा,लबादा
lbada,लबादा,लबाडा
labdh,लब्ध,लाब्ध
lbdh,लब्ध,एलब्ध
lalak,ललक,लालक
lalkarata,ललकारता,लालकरता
lalkarta,ललकारता,लालकर्ता
lalla,लल्ला,लाला
lavasa,लवासा,लवासा
lovasa,लवासा,लवासा
lassi,लस्सी,लासी
lahanaa,लहना,लहाना
lahna,लहना,लहना
lehna,लहना,लहना
lahraee,लहराई,लहराई
lahrai,लहराई,लहरायी
lehrayi,लहराई,लहरायी
lahalhati,लहलहाती,लहलहाती
lahlahaati,लहलहाती,लहलाहाती
lahlahati,लहलहाती,लहलाहाटी
lahsun,लहसुन,लहसून
lasoon,लहसुन,लासून
lanchar,लांचर,लांचर
launcher,लांचर,लॉन्चर
lycopene,लाइकोपिन,लाइकोपन
lime,लाइम,लाइम
lives,लाइव्स,लाइज्स
live,लाईव,लाइव
laegi,लाएगी,लाएगी
lagataar,लागातार,लगातार
lagatar,लागातार,लगातार
laata,लाता,लाता
lata,लाता,लता
laati,लाती,लाती
lati,लाती,लाती
layega,लायेगा,लायेगा
lalpur,लालपुर,लालपुर
las,लास्ट,लास
last,लास्ट,लास्त
lindbhed,लिंगभेद,लिंद्भेड
lingbhed,लिंगभेद,लिंगभेड
lindan,लिंडन,लिंदन
lindn,लिंडन,लिंडन
lindon,लिंडन,लिंडों
likhakar,लिखकर,लिखाकर
likhkar,लिखकर,लिखकर
ligar,लिगर,लिगार
liger,लिगर,लाइजर
liberation,लिबरेशन,लिबरेशन
libration,लिबरेशन,लाइब्रेशन
liberation,लिब्रेशन,लिबरेशन
libration,लिब्रेशन,लाइब्रेशन
leaderon,लीडरों,लीडरों
leedaron,लीडरों,लीदारों
lidaron,लीडरों,लिडरों
liidaron,लीडरों,लाइडारों
louis,लुईस,लुई
luis,लुईस,लुईएस
ludhakate,लुढ़कते,लुढ़ते
ludhkate,लुढ़कते,लुढ़कते
lurhakate,लुढ़कते,लुढ़कते
lutf,लुत्फ,लुट
lumding,लुमडिंग,लुंडिंग
lootmaar,लूटमार,लूटमार
lootmar,लूटमार,लूटमार
landal,लेंडल,लंडल
lendal,लेंडल,लेनदल
lega,लेगा,लेगा
legaa,लेगा,लेगा
letakar,लेटकर,लेटकर
letkar,लेटकर,लेटकर
lenevali,लेनेवाली,लेनेवाली
lenewali,लेनेवाली,लेनेवाली
label,लेबल,लबेल
labeling,लेबलिंग,लेबलिंग
labelling,लेबलिंग,लेबेलिंग
labelo,लेबलों,लबेलो
labelon,लेबलों,लबेलोन
lebalon,लेबलों,लेबलोन
lemon,लेमन,लीमॉन
laingadan,लैंगडन,लैंगढ़न
langdon,लैंगडन,लांगडों
lengdan,लैंगडन,लेंगदन
laigikata,लैंगिकता,लाइगिकता
laingikta,लैंगिकता,लैंगिक्ता
lanset,लैंसेट,लांसेट
lenset,लैंसेट,लेंसेट
lairi,लैरी,लैरी
lairy,लैरी,लारी
larry,लैरी,लारी
lace,लैस,लेस
less,लैस,लेस
locket,लॉकेट,लॉकेट
laundry,लॉन्ड्री,लॉन्र्य
longewal,लोंगोवाल,लोंगेवाल
longewala,लोंगोवाल,लोंगेवाला
longoval,लोंगोवाल,लोंगोवाल
log,लोग,लॉग
loge,लोगे,लोग
lochdar,लोचदार,लोचड़र
lodi,लोदी,लेडी
laurence,लौरेंस,लॉरेंस
laurens,लौरेंस,लॉरेंस
laurense,लौरेंस,लॉरेंस
wonder,वंडर,वंडर
vansh,वंश,वंश
vanshdhar,वंशधर,वंशधार
vanshavad,वंशवाद,वंशावाद
vanshvaad,वंशवाद,वंश्वाद
vanshvad,वंशवाद,वंश्वाद
wanshwad,वंशवाद,वंश्वाद
vajood,वजूद,वाजूद
vajud,वजूद,वाजूद
wajood,वजूद,वजूद
vadali,वडाली,वादली
vadli,वडाली,वादली
wadali,वडाली,वादली
vanita,वनिता,वनिता
vareinye,वरेण्य,वरेनी
varenya,वरेण्य,वरेन्या
varn,वर्ण,वॉर्न
varna,वर्ण,वर्णा
varnit,वर्णित,वर्नित
vartamaan,वर्तमान,वार्तमान
vartaman,वर्तमान,वार्तमान
vartmaan,वर्तमान,वर्तमान
vartman,वर्तमान,वर्तमान
varddhaman,वर्द्धमान,वर्द्धमन
vardhmaan,वर्द्धमान,वर्धमान
vardhman,वर्द्धमान,वर्धमान
verbal,वर्बल,वर्बल
varshan,वर्शन,वर्षण
vasharan,वर्शन,वशरण
vershan,वर्शन,वर्षण
version,वर्शन,वर्जिन
varsaache,वर्साचे,वर्साचे
varsaryache,वर्साचे,वर्सर्याचे
vasearche,वर्साचे,वसर्च
valkan,वल्कन,वाल्कन
valkkan,वल्कन,वालक्न
velkan,वल्कन,वेलकन
vash,वश,वाश
vashikaran,वशीकरण,वाष्पीकरण
vaangchuk,वांगचुक,वांगचुक
vangchuk,वांगचुक,वांगचुक
wangchuk,वांगचुक,वांगचुक
want,वांट,वांत
vije,वाइज,विजे
vise,वाइज,वीज
wise,वाइज,वाइस
vatar,वाटर,वातार
water,वाटर,वाटर
watson,वाटसन,वात्सों
wattson,वाटसन,वाट्ट्सन
vaan,वाण,वान
waan,वाण,वान
vaanon,वाणों,वानों
vanon,वाणों,वनों
wanon,वाणों,वनों
vatanukulan,वातानुकूलन,वातानुकूलन
watanukoollan,वातानुकूलन,वातानुकूल्लान
vaadak,वादक,वादक
vadak,वादक,वादक
vaadiyon,वादियों,वादियों
vadiyon,वादियों,वाडियों
wadiyon,वादियों,वाडियों
vayana,वायना,वायना
vayna,वायना,वायना
wayna,वायना,वायना
wireless,वायरलेस,वायरलेस
wirerless,वायरलेस,वायररलेस
warrior,वारियर्स,वारियर
warriors,वारियर्स,वार्यर्स
valve,वाल्व,वालवे
wolv,वाल्व,वाल्व
vastavik,वास्तविक,वास्तविक
vastvik,वास्तविक,वास्तविक
vaahikayen,वाहिकाएं,वाहिकाएं
vahikayen,वाहिकाएं,वहीकाएं
wahikayan,वाहिकाएं,वाहिकाएं
winter,विंटर,विंटर
vincent,विंसेंट,विंकेंट
vikalpon,विकल्पों,विकल्पों
wicket,विकेट,विकेट
vikramjeet,विक्रमजीत,विक्रमजीत
vikramjit,विक्रमजीत,विक्रमजित
vichaarakon,विचारकों,विचारकों
vicharakon,विचारकों,विचारकों
vigyan,विज्ञान,विज्ञान
vigyaani,विज्ञानी,विज्ञानी
vigyani,विज्ञानी,विज्ञानी
vigyaanon,विज्ञानों,विज्ञानों
vigyanon,विज्ञानों,विज्ञानों
vitthal,विट्ठल,वित्थल
viththal,विठ्ठल,विभ्थाल
vitthal,विठ्ठल,वित्थल
vitark,वितर्क,वितरक
vidhaaein,विद्याएं,विधाएं
vidyaayein,विद्याएं,विद्याएं
vidyaen,विद्याएं,विद्याएं
vidhaaon,विद्याओं,विधाओं
vidyaaon,विद्याओं,विद्याओं
vidyaon,विद्याओं,विद्याओं
vidhansabhaein,विधानसभाएं,विधानसभाएं
vidhansabhaen,विधानसभाएं,विधानसभाएं
vidhivat,विधिवत,विधिवत्
vidhut,विधुत,विद्युत्
vinasht,विनष्ट,विनाष्त
vineet,विनीत,विनीत
vinit,विनीत,विनीत
vipreetataa,विपरीतता,विप्रीतता
vipritata,विपरीतता,विपरितता
vipra,विप्रा,विप्र
vipro,विप्रो,विप्रो
wipro,विप्रो,विप्रो
vibha,विभा,विभा
vibhajak,विभाजक,विभाजक
vibhram,विभ्रम,विभ्राम
vibhrm,विभ्रम,विभर्म
vibram,विभ्रम,वाइब्रम
vimarsh,विमर्श,विमर्श
vimarsho,विमर्शों,विमर्शो
vimarshon,विमर्शों,विमर्शों
virajati,विराजती,विराजति
virechan,विरेचन,विरेचन
virodh,विरोध,विरोध
virodhabhasi,विरोधाभासी,विरोधाभासी
virodhabhason,विरोधाभासों,विरोधाभासों
vividh,विविध,विविध
vivekahin,विवेकहीन,विवेकहीन
vivekheen,विवेकहीन,विवेखीन
visheshan,विशेषण,विशेषण
visheshanon,विशेषणों,विशेषणों
visheshaadhikaar,विशेषाधिकार,विशेषाधिकार
visheshadhikar,विशेषाधिकार,विशेषाधिकार
vishwasaniy,विश्वसनीय,विश्वासनीय
vishwasniiya,विश्वसनीय,विश्वासनीय
vishwasaniyata,विश्वसनीयता,विश्वासनीयता
vishwasniiyataa,विश्वसनीयता,विश्वासनीयता
vishahin,विषहीन,विषाहीन
vishhin,विषहीन,विश्चीन
vishanu,विष्णु,विषाणु
vishnu,विष्णु,विष्णु
vlc,वीएलसी,व्लीसी
weeks,वीक्स,वीक्स
veerchand,वीरचंद,वीरचंद
virchand,वीरचंद,विरचंद
veeresh,वीरेश,वीरेश
viresh,वीरेश,विरेश
vritton,वृत्तों,वृत्तों
vruton,वृत्तों,वृतों
vrutton,वृत्तों,वृत्तों
venkataraman,वेंकटरमन,वेंकटरमण
venkatraman,वेंकटरमन,वेंकटरमण
ved,वेड,वेद
wade,वेड,वादे
wed,वेड,वेद
wedding,वेडिंग,वेडिंग
vediyon,वेदियों,वेदियों
vedon,वेदों,वेदोन
venezuela,वेनेजुएला,वेनेजूला
veronica,वेरोनिका,वेरोनिका
veronika,वेरोनिका,वेरोनिका
weronika,वेरोनिका,वेरोनिका
velvet,वेलवेट,वेलवेट
welwet,वेलवेट,वेलवेट
welder,वेल्डर,वेल्डर
weldor,वेल्डर,वेल्डर
welding,वेल्डिंग,वेल्डिंग
wealth,वेल्थ,विल्थ
vellur,वेल्लूर,वेल्यूर
velur,वेल्लूर,वेल्यूर
vesh,वेश,वेश
wasting,वेस्टिंग,वेस्टिंग
westing,वेस्टिंग,वेस्टिंग
wastinghouse,वेस्टिंगहाउस,वास्टिंहुस
westinghouse,वेस्टिंगहाउस,वेस्टिंघूस
vaisley,वेस्ले,वैसले
vesle,वेस्ले,वेस्ले
wesle,वेस्ले,वेस्ल
vaigyaanik,वैज्ञानिक,वैग्ञानिक
vaigyanik,वैज्ञानिक,वैग्ञानिक
vegyanik,वैज्ञानिक,वेज्ञानिक
vaigyaanikta,वैज्ञानिकता,वैग्ञानिकता
vaigyanikata,वैज्ञानिकता,वैग्ञानिकता
vaigyanikta,वैज्ञानिकता,वैग्ञानिकता
vaitravati,वैत्रवती,वैत्रवति
vaitrawati,वैत्रवती,वैत्रवती
vaimanasy,वैमनस्य,वैमानसी
vaimanasya,वैमनस्य,वैमानस्य
vaimanya,वैमनस्य,वैमान्य
very,वैरी,वेरी
vaisaakh,वैशाख,वैसाख
vaishakh,वैशाख,वैशाख
vaishaakhi,वैशाखी,वैशाखी
vaishakhi,वैशाखी,वैशाखी
vaishnodevi,वैष्णोदेवी,वैष्नोदेवी
vyaktigat,व्यक्तिगत,व्यक्तिगत
vyagr,व्यग्र,व्यायर्र
vyagra,व्यग्र,व्यायरा
vyatit,व्यतीत,व्यातित
vytit,व्यतीत,व्यतित
vyabhichar,व्यभिचार,व्याभिचार
vyabhichari,व्यभिचार,व्याभिचारी
vyavadhan,व्यवधान,व्यवाधान
vyavdhan,व्यवधान,व्यवधान
vyavahargat,व्यवहारगत,व्यवहारगत
vyvhargat,व्यवहारगत,व्यवार्गत
vyaghat,व्याघात,व्याघात
vyapak,व्यापक,व्यापक
vlad,व्लाद,व्लाद
wlaad,व्लाद,वलाड
vladimir,व्लादिमीर,व्लादीमीर
shanghai,शंघाई,शांघाई
shatpath,शतपथ,शत्पथ
shanivar,शनिवार,शनिवार
shaniwar,शनिवार,शनिवार
shabana,शबाना,शबाना
shbana,शबाना,शबाना
shabdarth,शब्दार्थ,शब्दर्थ
shamadan,शमादान,शमदान
shmadan,शमादान,शमादान
shamitabh,शमिताभ,शमिताभ
shamil,शमिल,शमील
shmil,शमिल,शमील
sharabon,शराबों,शराबों
shrabon,शराबों,श्रबों
shararat,शरारत,शरारत
shrart,शरारत,श्रार्त
sharmana,शर्माना,शर्माना
shaharwasiyon,शहरवासियों,शहरवासियों
shahrvasiyon,शहरवासियों,शहरवासियों
shervasiyon,शहरवासियों,शेरवासियों
shahdara,शहादरा,शाहदरा
shaantikaal,शांतिकाल,शानतिकाल
shantikal,शांतिकाल,शांतिकाल
shaao,शाओ,शाओ
shao,शाओ,शाओ
shaakir,शाकिर,शाकीर
shakir,शाकिर,शाकीर
shaakhaaen,शाखाएं,शाखाएं
shakhayan,शाखाएं,शाखायन
shakhayen,शाखाएं,शाखाएं
shayak,शायक,शायक
shaavakon,शावकों,शावकों
shavakon,शावकों,शवकों
shavkon,शावकों,शावकों
shaasaka,शासक,शास्का
shasak,शासक,शासक
sasakon,शासकों,साककों
shaasakon,शासकों,शासकों
shasakon,शासकों,शासकों
shipra,शिप्रा,शिप्र
shirke,शिर्के,शिरके
sheershakon,शीर्षकों,शीर्षकों
shirshakon,शीर्षकों,शिर्षकों
shirshkon,शीर्षकों,शिर्षकों
shujaat,शुजात,शुजात
shujat,शुजात,शुजात
shooting,शुटिंग,शूटिंग
shutting,शुटिंग,शटिंग
should,शुड,शौल्ड
shud,शुड,शूद
shubhankar,शुभंकर,शुभंकर
shumaali,शुमाली,शुमाली
shumali,शुमाली,शुमाली
shringaar,शृंगार,श्रृंगार
shringar,शृंगार,श्रृंगार
shrungar,शृंगार,शृंगार
sheling,शेलिंग,शिलिंग
shelling,शेलिंग,शेलिंग
shaili,शैली,शैली
shaly,शैली,शल्य
sheli,शैली,शिली
shaishav,शैशव,शैशाव
sean,शॉन,सिएन
shaun,शॉन,शौन
shawn,शॉन,शावन
short,शोर्ट,शोर्ट
sure,श्योर,सुरे
shrankhala,श्रंखला,श्रृंखला
shrankhalaa,श्रंखला,श्रृंखला
shrunkhla,श्रंखला,शृंखला
shrankhalaaon,श्रंखलाओं,श्रृंखलाओं
shrinkhalaon,श्रंखलाओं,श्रृंखलाओं
shrunkhlaon,श्रंखलाओं,शृंखलाओं
shravani,श्रावणी,श्रवणी
shrikar,श्रीकर,श्रीकर
shrikhand,श्रीखंड,श्रीखंड
shrimati,श्रीमति,श्रीमती
shriram,श्रीराम,श्रीराम
sriram,श्रीराम,श्रीरम
shrotaon,श्रोताओं,श्रोताओं
shat,षट्,शत
sankhyaein,संख्याएं,संख्याएं
sankhyaen,संख्याएं,संख्याएं
sankhyayen,संख्याएं,संख्याएं
sanghanit,संघनित,संघनित
sanghnit,संघनित,संघनीत
sanchayan,संचयन,संचायन
sanchar,संचार,संचर
sanchaari,संचारी,संचारी
sanchari,संचारी,संचरी
sanchalanon,संचालनों,संचलनों
sanchalnon,संचालनों,संचलनों
sanjay,संजय,संजय
sanjeevan,संजीवन,संजीवन
sanjivan,संजीवन,संजीवन
santati,संतति,संताति
sandarbh,संदर्भ,संडर्भ
sandarbha,संदर्भ,संडर्भा
sandrbh,संदर्भ,संद्रभ
sandarbhon,संदर्भों,संडर्भों
sandrbhon,संदर्भों,संद्रभों
sandali,संदली,सांडली
sandli,संदली,सांडली
sandhan,संधान,संधन
samprati,संप्रति,संप्रति
samprti,संप्रति,संप्रति
samprabhu,संप्रभु,संप्रभु
samprbhu,संप्रभु,संप्रभु
samprabhuta,संप्रभुता,संप्रभुता
samprbhuta,संप्रभुता,संप्रभूता
sambit,संबित,संबित
sambhalane,संभालने,संभालने
sambhalne,संभालने,संभालने
sambhrant,संभ्रांत,संभरंत
sanbharnt,संभ्रांत,संभरणत
sanyog,संयुक्त,संयोग
sanyukt,संयुक्त,संयुक्त
sanyukta,संयुक्त,संयुक्त
sanyukta,संयुक्ता,संयुक्त
sanyogvash,संयोगवश,संयोग्वाश
sanyojan,संयोजन,संयोजन
sanyojanon,संयोजनों,संयोजनों
sanyojnon,संयोजनों,संयोजनों
samvedikaran,संवेदीकरण,संवेदिकरण
sanvedikaran,संवेदीकरण,संवेदिकरण
samshayon,संशयों,समशायों
sanshayon,संशयों,संशायों
sanshyon,संशयों,संश्यों
sanskaar,संस्कार,संस्कार
sanskar,संस्कार,संस्कर
sanskaari,संस्कारी,संस्कारी
sanskari,संस्कारी,संस्कारी
sanskrit,संस्कृत,संस्कृत
sanskurt,संस्कृत,संस्कृत
sanskritiyan,संस्कृतियां,संस्तुतियां
sanskrutiyan,संस्कृतियां,संस्कृतियां
sanskritiyon,संस्कृतियों,संस्तुतियों
sanskrutiyon,संस्कृतियों,संस्कृतियों
sanasthit,संस्थित,सनस्थित
sansthit,संस्थित,संस्थित
sanasthita,संस्थिता,सनस्थित
sansthita,संस्थिता,संस्थिता
sakara,सकरा,सकारा
sakra,सकरा,सकरा
sakshan,सक्शन,साक्षण
suction,सक्शन,सक्शन
sacchidanand,सच्चिदानंद,सच्चिदानंद
sachhidanand,सच्चिदानंद,सच्चिदानंद
sachidanand,सच्चिदानंद,सचिदानंद
sajja,सज्जा,सज्जा
sat,सत,सात
satpal,सतपाल,सप्पाल
satluj,सतलुज,सतलुज
sataane,सताने,सताने
satane,सताने,साटने
sate,सते,सटे
satti,सत्ती,सत्ती
satvat,सत्वत,सत्वत
sadanand,सदानंद,सदनंद
sapane,सपने,सपने
sapne,सपने,सपने
sapney,सपने,सपने
saparivaar,सपरिवार,सपरिवार
sapariwar,सपरिवार,सपरिवार
sparivar,सपरिवार,स्परिवार
sapaat,सपाट,सपात
sapat,सपाट,सपत
sapate,सपाटे,सपते
sapatey,सपाटे,सपते
saptakranti,सप्तक्रांति,सप्ताक्रांति
saptkraanti,सप्तक्रांति,सप्तकरांति
saptapadi,सप्तपदी,सप्तापदी
saptpadi,सप्तपदी,सप्तपदी
saptari,सप्तरी,सप्तऋती
sapramaan,सप्रमाण,सप्रमान
sapraman,सप्रमाण,सप्रमण
submit,सबमिट,सबमित
sabmission,सबमिशन,सबमिशन
submission,सबमिशन,सबमिशन
sabhaein,सभाएं,सभाएं
sabhaen,सभाएं,सभाएं
sabhayen,सभाएं,सभाएं
sabhen,सभाएं,सभें
sabhasadon,सभासदों,सभासादों
sabhyata,सभ्यता,सभ्यता
samjhoonga,समझूंगा,समझूंगा
samjhunga,समझूंगा,समझुगा
samjhungaa,समझूंगा,समझुगता
saman,समन,समान
samanvayaka,समन्वयक,समन्वयक
samanwayaka,समन्वयक,समन्वयक
samnvyak,समन्वयक,समन्व्यक
samaadhaan,समाधान,समाधान
samadhan,समाधान,समाधन
samadhiyon,समाधियों,समाधियों
samadjiyon,समाधियों,समद्जियों
samalakha,समालखा,समलाखा
samalakhaa,समालखा,समलाखा
samahaar,समाहार,समाहार
samahar,समाहार,समाहर
samitiyan,समितियां,समितियां
sametati,समेटती,समेटती
sametti,समेटती,समेटी
sarka,सरका,सर्का
sarkaa,सरका,सरका
sarkarein,सरकारें,सरकरें
sarkaren,सरकारें,सरकरें
sarkaaron,सरकारों,सरकारों
sarkaron,सरकारों,सरकारों
sargana,सरगना,सरगना
sarganaon,सरगनाओं,सरगनाओं
sargi,सरगी,सारगी
sarguja,सरगुजा,सरगुजा
sarjuga,सरगुजा,सरजुगा
sarsa,सरसा,सरसा
sarsaa,सरसा,सरसा
sarahind,सरहिंद,सारहिंद
sarhind,सरहिंद,सरहिंद
sirhind,सरहिंद,सिरिंद
saraaha,सराहा,सराहा
saraha,सराहा,सारहा
saraahi,सराही,सराही
sarahi,सराही,साराही
salaahkar,सलाहकार,सलाहकर
salahkaar,सलाहकार,सलाहकार
salahkar,सलाहकार,सलाहकर
saleeb,सलीब,सलीब
salib,सलीब,सालिब
select,सलेक्ट,सेलेक्ट
saltanat,सल्तनत,साल्टानत
saltnat,सल्तनत,साल्टनात
savaal,सवाल,सवाल
saval,सवाल,सावल
sawaal,सवाल,सवाल
sawal,सवाल,सावल
sahakalaakar,सहकलाकार,सहकालाकर
sahakalakar,सहकलाकार,सहकालकार
sahkalakar,सहकलाकार,सहकालकार
sahadev,सहदेव,सहादेव
sahdev,सहदेव,सहदेव
sahrawat,सहरावत,सहरावत
sherawat,सहरावत,शेरावत
sahooliyata,सहूलियत,सहूलियता
sahuliyat,सहूलियत,साहूलियत
sahuuliyata,सहूलियत,सहूलियता
saanketika,सांकेतिक,सांकेतिका
sanketik,सांकेतिक,सांकेतिक
saimans,साइमंस,सायमांस
simmons,साइमंस,सिमोंस
symons,साइमंस,सायमंस
saima,साइमा,सायमा
sagarika,सागरिका,सगारीका
sagrika,सागरिका,सग्रिका
saga,सागा,सगा
saajan,साजन,साजन
sajan,साजन,सजन
saajsajja,साजसज्जा,साजसंज
sajsajja,साजसज्जा,सजसंज
saja,साजा,सजा
saathsaath,साथसाथ,साठसाथ
sathsath,साथसाथ,सात्सथ
sathiya,साथिया,साथिया
saabah,साबाह,साबा
sabah,साबाह,सबाह
samanjasy,सामंजस्य,समंजस्य
samanjasya,सामंजस्य,समंजस्य
samoa,सामोआ,सामो
samoaa,सामोआ,समोआ
saayn,सायं,सायन
sayan,सायं,सायन
saym,सायं,सेयम
saira,सायरा,सायरा
sayara,सायरा,सायरा
sayra,सायरा,सायरा
salve,साल्वे,सलवे
sahab,साहब,सहाब
singapore,सिंगापुर,सिंगपोर
singaar,सिंगार,सिंगार
singar,सिंगार,सिंगार
singer,सिंगार,सिंगर
singhaadey,सिंघाड़े,सिंघाड़
singhade,सिंघाड़े,सिंघाड़े
singhde,सिंघाड़े,सिंहदे
singhre,सिंघाड़े,सिंहर
singhi,सिंघी,सिंही
singha,सिंहा,सिंघा
sinha,सिंहा,सिंहा
siera,सिएरा,सियारा
sierra,सिएरा,सियरा
sikud,सिकुड़,सिकुड़
signals,सिगनल्स,सिग्नल्स
cigaretton,सिगरेटों,सिगरेटों
cigretton,सिगरेटों,सिग्रेटन
siddhivat,सिद्धवट,सिद्धिवत
siddhvat,सिद्धवट,सिद्धवत
siddhwat,सिद्धवट,सिद्धवत
sinabang,सिनाबंग,सिनाबंग
synapse,सिनेप्स,सिनापस
sipah,सिपाह,सिपाह
sipaha,सिपाह,सिपाह
sipahiyon,सिपाहियों,सिपाहियों
sipahi,सिपाही,सिपाही
sim,सिम,सीम
simat,सिमट,सीमत
simatataa,सिमटता,सीमताता
simatta,सिमटता,सीमतता
simtata,सिमटता,सिमताता
simtataa,सिमटता,सिमताता
cement,सिमटे,सीमेंट
simate,सिमटे,सीमते
simi,सिमी,सिमी
simmy,सिमी,सिम्मी
sims,सिम्स,सिम्स
siyasi,सियासी,सियासी
siyah,सियाह,सियाह
siyaha,सियाह,सियाह
sirpur,सिरपुर,सिरपुर
sivan,सिवान,सिवन
siwan,सिवान,सिवन
sisva,सिसवा,सिश्वा
siswa,सिसवा,सिश्वा
cil,सीआईएल,सील
csi,सीएसआई,सीएसीआई
sikar,सीकर,सिकर
seaten,सीटें,सीटें
sitaram,सीताराम,सितारम
sitaharan,सीताहरण,सितहारण
cpm,सीपीएम,सीपीएम
cps,सीपीएस,सीपीएस
cbse,सीबीएसई,केबीए
seem,सीम,सीम
sim,सीम,सीम
sealed,सील्ड,सील्ड
shield,सील्ड,शिल्ड
ccd,सीसीडी,सीसीडी
sugamata,सुगमता,सुगमता
sugmta,सुगमता,सुगमता
sujan,सुजेन,सुजन
sujen,सुजेन,सुजें
suken,सुजेन,सुकें
sujain,सुजैन,सुजाएं
sujhaati,सुझाती,सुझाती
sujhati,सुझाती,सुझाती
sutali,सुतली,सूतली
sutli,सुतली,सुतली
suta,सुता,सूता
sdueep,सुदीप,स्डुईप
sudip,सुदीप,सुदीप
sudhaargrah,सुधारगृह,सुधारग्रह
sudhargrih,सुधारगृह,सुधारगिह
sudhargruh,सुधारगृह,सुधारगृह
sunaaron,सुनारों,सुनारों
sunaron,सुनारों,सुनारों
sunaseer,सुनासीर,सुनासीर
sunasir,सुनासीर,सुनासिर
suneeti,सुनीति,सुनीति
suniti,सुनीति,सुनीति
sunega,सुनेगा,सुनेगा
suneyga,सुनेगा,सुनेगा
superhit,सुपरहिट,सुपरीित
supachy,सुपाच्य,सुपाच्य
supachya,सुपाच्य,सुपाच्या
supachye,सुपाच्य,सुपाच्य
subhaay,सुभाय,सुभाय
subhay,सुभाय,सुभय
surveen,सुरवीन,सर्विन
survin,सुरवीन,सर्विन
surana,सुराणा,सुरना
sulkhan,सुलखान,सुलखान
suljaayi,सुलझाई,सुलझाई
suljayi,सुलझाई,सुलझाई
suljhai,सुलझाई,सुलझाई
sulzai,सुलझाई,सुलझाई
sultana,सुलताना,सुल्ताना
sulaati,सुलाती,सुलाती
sulati,सुलाती,सुलती
susanskrit,सुसंस्कृत,सुसंस्कृत
susanskrut,सुसंस्कृत,सुसंस्कृत
suhagin,सुहागिन,सुहागिन
soond,सूंड़,सूंड
sund,सूंड़,सूंड
suiyan,सूइयां,सूइयन
sukhati,सूखती,सूखती
sukhti,सूखती,सूखती
sukhakar,सूखाकर,सुखाकर
soochak,सूचक,सूचक
suchak,सूचक,सूचक
sooja,सूजा,सूजा
suja,सूजा,सुजा
suba,सूबा,सुबा
sube,सूबे,सूबे
sooraj,सूरज,सूरज
suraj,सूरज,सुरज
surinaam,सूरीनाम,सुरीनाम
surinama,सूरीनाम,सुरीनामा
suriname,सूरीनाम,सुरीनाम
suryadev,सूर्यदेव,सूर्यादेव
sendha,सेंधा,सेंढा
senvai,सेंवई,सेंवाई
sevai,सेंवई,सेवाई
sensing,सेंसिंग,सेंसिंग
sexual,सेक्सुअल,सेक्सुल
saturday,सेटरडे,सतुर्दय
seti,सेटी,सेती
seto,सेटो,सेतो
seth,सेथ,सेठ
safety,सेफ्टी,सेफ़्टी
semen,सेमिन,सेमेन
semin,सेमिन,सेमिन
self,सेल्फ,सेल्फ
selfie,सेल्फी,सेल्फी
save,सेव,सावे
sev,सेव,सेव
sevakon,सेवकों,सेवकों
sevkon,सेवकों,सेवकों
samuels,सैम्युल्स,सम्यूल्स
celery,सैलरी,सिलेरी
salary,सैलरी,सालानी
sakar,सॉकर,साकार
socar,सॉकर,सोकार
soccer,सॉकर,सॉकर
songs,सॉन्ग्स,सोंग्स
solicitor,सॉलिसिटर,सोलीसिटर
sochane,सोचने,सोचने
sochne,सोचने,सोचने
sonu,सोनू,सोनु
soma,सोमा,सौमा
spma,सोमा,स्प्मा
somi,सोमी,सोमी
soy,सोय,सोय
soya,सोया,सोया
solitaire,सोलिटेयर,सोलीटायर
soharai,सोहराई,सोहराई
sohrai,सोहराई,सोहराय
sohaval,सोहावल,सोहवल
sohawal,सोहावल,सोहवल
saunpane,सौंपने,सौंपने
sonpne,सौंपने,सौन्ने
scala,स्काला,स्केला
skala,स्काला,स्कला
ski,स्की,स्की
scootaron,स्कूटरों,स्कोटरों
scooteron,स्कूटरों,स्कोटरों
skootaron,स्कूटरों,स्कूटरों
scandinavia,स्कैंडिनेविया,स्कैंडीनाविया
scaining,स्कैनिंग,स्कैनिंग
scanning,स्कैनिंग,स्कैनिंग
squash,स्क्वाश,स्क्वाश
squash,स्क्वैश,स्क्वाश
skhalan,स्खलन,स्खलन
stain,स्टैन,स्टेन
stan,स्टैन,स्टन
stop,स्टॉप,स्टॉप
stops,स्टॉप्स,स्टॉप
stone,स्टोन,स्टोन
straws,स्ट्रास,स्ट्रास
stress,स्ट्रास,स्ट्रेस
stra,स्ट्रे,स्ट्रा
stray,स्ट्रे,स्ट्रे
stre,स्ट्रे,स्ट्री
strocks,स्ट्रोक्स,स्ट्रोक्स
strokes,स्ट्रोक्स,स्ट्रोक्स
stan,स्तन,स्टन
stanadhari,स्तनधारी,स्तनधारी
standhaari,स्तनधारी,स्तनधारी
standhari,स्तनधारी,स्तनधारी
sthiti,स्तिथि,स्थैति
stithi,स्तिथि,स्तिथि
stuti,स्तुति,स्टूटी
sthitiyaan,स्थितियां,स्थैतियां
sthitiyan,स्थितियां,स्थैतियां
sthitiyon,स्थितियों,स्थैतियों
sthool,स्थूल,स्थूल
sthul,स्थूल,स्थुल
sthoolta,स्थूलता,स्थूलता
sthulata,स्थूलता,स्थुलता
sneakers,स्नीकर्स,स्नीकर्स
snickers,स्नीकर्स,स्नीकर्स
snikarse,स्नीकर्स,स्नीकार्स
spear,स्पीयर,स्पेयर
spell,स्पेल,स्पेल
spelar,स्पेलर,स्पेलर
speller,स्पेलर,स्पेलर
sprint,स्प्रिट,स्प्रिंट
sprit,स्प्रिट,स्प्रित
spray,स्प्रे,स्प्राय
spry,स्प्रे,स्प्री
sfoorti,स्फूर्ति,स्फूर्ति
sfurti,स्फूर्ति,स्फूर्ति
sphoorti,स्फूर्ति,स्फूर्ति
slide,स्लाइड,स्लाइड
slider,स्लाइडर,स्लाइडर
slaaidon,स्लाइडों,स्लाएडों
slidon,स्लाइडों,स्लाइड़ों
sliders,स्लाइड्स,स्लाइडर्स
slides,स्लाइड्स,स्लाइड्स
slice,स्लाइस,स्लाइस
slash,स्लैश,स्लाश
swaroopon,स्वरुपों,स्वरूपों
swarupon,स्वरुपों,स्वरूपों
swa,स्वा,स्व
swaachaalit,स्वाचालित,स्वाचालित
swachalit,स्वाचालित,स्वचालित
swaarthparak,स्वार्थपरक,स्वार्थपरक
swarthparak,स्वार्थपरक,स्वार्थपरक
swiftlate,स्विफ्टलेट,स्विफ्टेट
swiftlet,स्विफ्टलेट,स्विफ्टलेट
sweekarte,स्वीकारते,स्वीकारते
swikarte,स्वीकारते,स्वीकारते
sweet,स्वीट,स्वीत
sweep,स्वीप,स्वीप
sweccha,स्वेच्छा,स्वेच्छा
swecha,स्वेच्छा,स्वेच्छा
swechha,स्वेच्छा,स्वेच्छा
sweta,स्वेता,स्वेटा
swap,स्वैप,स्वप
swipe,स्वैप,स्वीप
handiya,हंडिया,हैंडिया
handiyaa,हंडिया,हैंडिया
hundiya,हंडिया,हंडिया
hakikat,हकीकत,हाकिकत
haqeeqat,हकीकत,हकीतात
hathiya,हथिया,हठिया
hamala,हमला,हमला
hamla,हमला,हमला
hamalavar,हमलावर,हमलावर
hamlavar,हमलावर,हमलावर
humlavar,हमलावर,हमलावर
hamaal,हमाल,हमाल
hamal,हमाल,हमल
hercules,हरक्यूलिस,हर्कूल्स
hardas,हरदास,हरदास
harpaal,हरपाल,हर्पाल
harpal,हरपाल,हारपाल
harvansh,हरवंश,हारवांश
haraval,हरावल,हरावल
harawal,हरावल,हरावल
hurricane,हरिकेन,हरिकने
harijan,हरिजन,हरिजन
hariyali,हरियाली,हरियाली
harshit,हर्षित,हर्षित
haldi,हल्दी,हल्दी
halla,हल्ला,हॉल्ला
hawamahal,हवामहल,हवामहल
hawalaat,हवालात,हवालात
hawalat,हवालात,हवालात
hasino,हसीनों,हैसनो
hasinon,हसीनों,हासिनों
haan,हां,हान
han,हां,हान
haanfte,हांफते,हानफते
hafate,हांफते,हफते
hanfte,हांफते,हैनफ्टी
higman,हाइमन,हिग्मन
hymen,हाइमन,हाइमेन
hadauti,हाड़ौती,हादौती
haani,हानी,हानी
hani,हानी,हानि
haarjeet,हारजीत,हार्जीत
harjeet,हारजीत,हरजीत
haaranaa,हारना,हारना
harana,हारना,हराना
harna,हारना,हारना
haalchaal,हालचाल,हालचाल
haalchal,हालचाल,हालचल
halchaal,हालचाल,हलचाल
halchal,हालचाल,हलचल
halt,हाल्ट,हाल्ट
hault,हाल्ट,हौल्ट
hahakar,हाहाकार,हाहकर
hingis,हिंगिस,हिंगिस
hindan,हिंडन,हिंदन
hindon,हिंडन,हिंदों
hijada,हिजड़ा,हिजड़ा
hijda,हिजड़ा,हिजड़ा
hijbul,हिजबुल,हिजबुल
hippo,हिप्पो,हिप्पी
hippopotamus,हिप्पोपोटेमस,हिप्पोपोटमुस
himali,हिमाली,हिमाली
hilane,हिलने,हिलाने
hilne,हिलने,हिलने
hisham,हिशाम,हिशम
heeraganj,हीरागंज,हीरगंज
hiraganj,हीरागंज,हिरागंज
heroes,हीरोज,हिरोज
heros,हीरोज,हेरोस
hui,हुईं,हुइ
huin,हुईं,हुई
hooper,हूपर,हार्पर
huppar,हूपर,हुपर
hupper,हूपर,हुपर
hegde,हेगडे,हेगडे
hemvati,हेमवती,हेमवती
hemwati,हेमवती,हेमवेटी
help,हेल्प,हेल्प
helper,हेल्पर,हेलप्र
haito,हैतो,हैतो
hairam,हैरम,हैराम
harem,हैरम,हरेम
herald,हैराल्ड,हेरॉल्ड
haive,हैव,हैवे
have,हैव,हावे
hong,हॉन्ग,होंग
half,हॉफ,हाफ
hoaf,हॉफ,होफ
hounga,होऊंगा,हाउगगा
holding,होल्डिंग,होल्डिंग
hoshangabaad,होशंगाबाद,होशनगाबाद
hoshangabad,होशंगाबाद,होशनगाबाद
hostes,होस्टेस,होस्टी
hostess,होस्टेस,होस्टेस
